School Name,Number Tested,Mean Scale Score
A.C.E. ACADEMY FOR SCHOLARS AT THE GERALDINE FERRA,17371,460.31481481481484
ACADEMIC LEADERSHIP CHARTER SCHOOL,3478,426.15384615384613
ACADEMY FOR COLLEGE PREPARATION AND CAREER EXPLORA,11019,416.4981818181818
ACADEMY FOR NEW AMERICANS,13867,391.55823293172693
ACADEMY FOR PERSONAL LEADERSHIP AND EXCELLENCE,48644,409.5388471177945
ACADEMY FOR YOUNG WRITERS,12696,419.9133858267717
ACADEMY OF APPLIED MATHEMATICS AND TECHNOLOGY,25739,413.18279569892474
ACADEMY OF ARTS AND LETTERS,17508,441.4324942791762
ACADEMY OF MEDICAL TECHNOLOGY: A COLLEGE BOARD SCH,17945,398.5736842105263
ACADEMY OF PUBLIC RELATIONS,22673,382.75141242937855
ACADEMY OF THE CITY CHARTER SCHOOL,1972,426.42857142857144
ACCION ACADEMY,17473,401.7573099415205
ACHIEVEMENT FIRST APOLLO CHARTER SCHOOL,4810,440.79411764705884
ACHIEVEMENT FIRST ASPIRE CHARTER SCHOOL,1816,508.2857142857143
ACHIEVEMENT FIRST BROWNSVILLE CHARTER SCHOOL,6212,411.3953488372093
ACHIEVEMENT FIRST BUSHWICK CHARTER SCHOOL,7776,413.6530612244898
ACHIEVEMENT FIRST CROWN HEIGHTS CHARTER SCHOOL,7328,402.0408163265306
ACHIEVEMENT FIRST EAST NEW YORK CHARTER SCHOOL,6158,406.38775510204084
ACHIEVEMENT FIRST ENDEAVOR CHARTER SCHOOL,6724,410.7173913043478
ACHIEVEMENT FIRST LINDEN ELEMENTARY SCHOOL,1080,546.2222222222222
ACHIEVEMENT FIRST NORTH BROOKLYN PREP CHARTER SCHO,1008,555.5555555555555
ACHIEVEMENT FIRST VOYAGER CHARTER SCHOOL,824,538.0
ALBERT SHANKER SCHOOL FOR VISUAL AND PERFORMING AR,55244,415.4304068522484
ALL CITY LEADERSHIP SECONDARY SCHOOL,10735,446.1411764705882
AMBER CHARTER SCHOOL,2746,396.4642857142857
AMBER CHARTER SCHOOL II,78,617.0
AMERICAN DREAM CHARTER SCHOOL,1954,438.94117647058823
AMISTAD DUAL LANGUAGE SCHOOL,22260,423.28735632183907
AMPARK NEIGHBORHOOD,13866,434.6413994169096
ANDRIES HUDDE,74194,410.8127659574468
ANTONIA PANTOJA PREPARATORY ACADEMY: A COLLEGE BOA,17052,394.7485549132948
ARCHER ELEMENTARY SCHOOL,16952,414.679012345679
"ARCHIMEDES ACADEMY FOR MATH, SCIENCE AND TECHNOLOG",24656,404.55754475703327
ATMOSPHERE CHARTER SCHOOL,2392,477.53846153846155
BACCALAUREATE SCHOOL FOR GLOBAL EDUCATION,8607,451.1373626373626
"BALLET TECH, NYC PUBLIC SCHOOL FOR DANCE",11124,437.33806146572107
BATTERY PARK CITY SCHOOL,42213,434.4519230769231
BAYCHESTER ACADEMY,15478,430.8355263157895
BAYCHESTER MIDDLE SCHOOL,27307,410.4331550802139
BEDFORD PARK ELEMENTARY SCHOOL,6880,538.64
BEDFORD STUYVESANT COLLEGIATE CHARTER SCHOOL,3624,391.3666666666667
BEDFORD STUYVESANT NEW BEGINNINGS CHARTER SCHOOL,4586,394.72093023255815
BEGINNING WITH CHILDREN CHARTER SCHOOL II,1448,480.6
BELL ACADEMY,22871,416.46894409937886
BOYS PREPARATORY CHARTER SCHOOL OF NEW YORK,518,538.5555555555555
BRIDGES: A SCHOOL FOR EXPLORATION AND EQUITY,2886,523.5641025641025
BRIGHTER CHOICE COMMUNITY SCHOOL,5902,425.7260273972603
BRILLA COLLEGE PREP CHARTER SCHOOL,1606,504.2142857142857
BRONX ACADEMY FOR MULTI-MEDIA,27950,390.71117166212537
BRONX ACADEMY OF PROMISE CHARTER SCHOOL,5014,398.69565217391306
BRONX ALLIANCE MIDDLE SCHOOL,22991,417.45911949685535
BRONX CHARTER SCHOOL FOR BETTER LEARNING,3050,404.64285714285717
BRONX CHARTER SCHOOL FOR BETTER LEARNING II,150,606.0
BRONX CHARTER SCHOOL FOR CHILDREN,2896,385.17857142857144
BRONX CHARTER SCHOOL FOR EXCELLENCE,6288,407.8775510204082
BRONX CHARTER SCHOOL FOR EXCELLENCE II,118,617.0
BRONX CHARTER SCHOOL FOR THE ARTS,2254,405.0344827586207
BRONX COMMUNITY CHARTER SCHOOL,3112,411.6756756756757
BRONX DANCE ACADEMY SCHOOL,21701,411.5567867036011
BRONX DELTA SCHOOL,5188,550.1838235294117
BRONX EARLY COLLEGE ACADEMY FOR TEACHING & LEARNIN,14592,367.82685512367493
BRONX GLOBAL LEARNING INSTITUTE FOR GIRLS CHARTER,3196,400.27906976744185
BRONX GREEN MIDDLE SCHOOL,31346,402.3884892086331
BRONX HIGH SCHOOL FOR MEDICAL SCIENCE,13294,424.6374269005848
BRONX LATIN,14018,395.37722419928826
BRONX LIGHTHOUSE CHARTER SCHOOL,3980,378.6875
BRONX LITTLE SCHOOL,13744,409.9134328358209
BRONX PARK MIDDLE SCHOOL,32632,410.4168674698795
BRONX PREPARATORY CHARTER SCHOOL,4866,377.38709677419354
"BRONX SCHOOL FOR LAW, GOVERNMENT AND JUSTICE",21121,407.1547987616099
BRONX STUDIO SCHOOL FOR WRITERS AND ARTISTS,24919,405.0946291560102
BRONX WRITING ACADEMY,38248,401.09022556390977
BROOKLYN ARBOR ELEMENTARY SCHOOL,20793,448.43302180685356
BROOKLYN ARTS AND SCIENCE ELEMENTARY SCHOOL,8012,424.2014388489209
BROOKLYN ASCEND CHARTER SCHOOL,7866,388.29545454545456
BROOKLYN BROWNSTONE SCHOOL,4780,425.4454976303318
BROOKLYN CHARTER SCHOOL,1458,392.92857142857144
BROOKLYN COLLABORATIVE STUDIES,8957,388.62730627306274
BROOKLYN DREAMS CHARTER SCHOOL,4704,401.8139534883721
BROOKLYN EAST COLLEGIATE CHARTER SCHOOL,3170,394.7142857142857
BROOKLYN ENVIRONMENTAL EXPLORATION SCHOOL (BEES),5642,427.5670103092784
BROOKLYN EXCELSIOR CHARTER SCHOOL,5916,382.42857142857144
BROOKLYN GARDENS ELEMENTARY SCHOOL,6888,442.546875
BROOKLYN LABï¿½CHARTER SCHOOL,3228,437.6470588235294
BROOKLYN LANDMARK ELEMENTARY SCHOOL,6733,490.70652173913044
BROOKLYN PROSPECT CHARTER SCHOOL,4342,400.58620689655174
BROOKLYN PROSPECT CHARTER SCHOOL DOWNTOWN,1754,568.6428571428571
BROOKLYN SCHOLARS CHARTER SCHOOL,5372,390.5833333333333
BROOKLYN SCHOOL OF INQUIRY,22486,469.26423690205013
BROOKLYN SCIENCE AND ENGINEERING ACADEMY,17815,477.0865800865801
BROOKLYN STUDIO SECONDARY SCHOOL,21297,419.1757425742574
BROOKLYN URBAN GARDEN CHARTER SCHOOL,2368,410.9047619047619
BROWNSVILLE ASCEND CHARTER SCHOOL,6882,414.3333333333333
BROWNSVILLE COLLABORATIVE MIDDLE SCHOOL,7969,396.12
BROWNSVILLE COLLEGIATE CHARTER SCHOOL,3446,385.9
BUSHWICK ASCEND CHARTER SCHOOL,4954,432.05882352941177
CANARSIE ASCEND CHARTER SCHOOL,2240,506.35714285714283
CAPITAL PREPARATORY (CP) HARLEM CHARTER SCHOOL,1110,508.90909090909093
CASTLE BRIDGE SCHOOL,477,519.3617021276596
CATHERINE & COUNT BASIE MIDDLE SCHOOL 72,50857,398.264367816092
CENTRAL BROOKLYN ASCEND CHARTER SCHOOL,990,538.8888888888889
CENTRAL PARK EAST I,1730,386.26356589147287
CENTRAL PARK EAST II,9660,444.584487534626
CENTRAL QUEENS ACADEMY CHARTER SCHOOL,4438,424.58620689655174
CHALLENGE PREPARATORY CHARTER SCHOOL,4418,429.0882352941176
CHANNEL VIEW SCHOOL FOR RESEARCH,21442,406.29640718562877
CHILDREN'S AID COLLEGE PREP CHARTER SCHOOL,2128,477.65
CHRISTOPHER AVENUE COMMUNITY SCHOOL,6167,406.67727272727274
CITY COLLEGE ACADEMY OF THE ARTS,20983,419.73809523809524
CITY KNOLL MIDDLE SCHOOL,10423,451.03891050583655
COLLABORATIVE ARTS MIDDLE SCHOOL,35609,405.36901408450706
COLLEGE POINT COLLABORATIVE,8841,538.98
COLLEGIATE ACADEMY FOR MATH AND PERSONAL AWARENESS,448,524.4444444444445
COLUMBIA SECONDARY SCHOOL,16109,440.9183673469388
COMMUNITY ACTION SCHOOL - MS 258,14240,403.2913907284768
COMMUNITY HEALTH ACADEMY OF THE HEIGHTS,19955,399.7774390243902
COMMUNITY MATH & SCIENCE PREP,17968,384.92424242424244
COMMUNITY PARTNERSHIP CHARTER SCHOOL,3638,384.81632653061223
COMMUNITY ROOTS CHARTER SCHOOL,3720,400.04347826086956
COMMUNITY VOICES MIDDLE SCHOOL,33577,402.1815642458101
COMPASS CHARTER SCHOOL,490,522.3333333333334
COMPREHENSIVE MODEL SCHOOL PROJECT M.S. 327,28328,426.97855227882036
CONCOURSE VILLAGE ELEMENTARY SCHOOL,6997,485.50697674418603
CONEY ISLAND PREPARATORY PUBLIC CHARTER SCHOOL,5454,414.325
CONSELYEA PREPARATORY SCHOOL,34571,401.4
CORNERSTONE ACADEMY FOR SOCIAL ACTION,13943,406.40199335548175
CORNERSTONE ACADEMY FOR SOCIAL ACTION MIDDLE SCHOO,18931,406.0866873065016
CORONA ARTS & SCIENCES ACADEMY,42279,443.13148788927333
CRESTON ACADEMY,43402,416.7795275590551
CYNTHIA JENKINS SCHOOL,19727,400.39354838709676
DAVID N. DINKINS SCHOOL,22083,419.1014851485148
DEMOCRACY PREP CHARTER SCHOOL,4236,398.7857142857143
DEMOCRACY PREP ENDURANCE CHARTER SCHOOL,3628,404.4
DEMOCRACY PREP HARLEM CHARTER SCHOOL,5021,421.5151515151515
DOCK STREET SCHOOL FOR STEAM STUDIES,10006,424.53937007874015
DOS PUENTES ELEMENTARY SCHOOL,7081,523.561403508772
DR. JACQUELINE PEEK-DAVIS SCHOOL,4953,411.4307692307692
DR. RICHARD IZQUIERDO HEALTH AND SCIENCE CHARTER S,4156,359.0
DR. SUSAN S. MCKINNEY SECONDARY SCHOOL OF THE ARTS,7180,380.17898832684824
DREAM CHARTER SCHOOL,3614,406.4418604651163
E.S.M.T- I.S. 190,21049,403.0730994152047
EAGLE ACADEMY FOR YOUNG MEN,10447,388.45853658536583
EAGLE ACADEMY FOR YOUNG MEN II,12021,399.85026737967917
EAGLE ACADEMY FOR YOUNG MEN III,16080,387.93392070484583
EAGLE ACADEMY FOR YOUNG MEN OF HARLEM,7510,406.78125
EARTH SCHOOL,2831,394.6101694915254
EAST BRONX ACADEMY FOR THE FUTURE,19286,401.6798780487805
EAST ELMHURST COMMUNITY SCHOOL,8459,528.7613636363636
EAST HARLEM SCHOLARS ACADEMY CHARTER SCHOOL,2516,453.3703703703704
EAST HARLEM SCHOLARS ACADEMY CHARTER SCHOOL II,1056,492.07142857142856
EAST NEW YORK ELEMENTARY SCHOOL OF EXCELLENCE,22760,404.5694050991501
EAST NEW YORK FAMILY ACADEMY,18580,417.81325301204816
EAST NEW YORK MIDDLE SCHOOL OF EXCELLENCE,22424,399.19714285714286
EAST SIDE COMMUNITY SCHOOL,20398,424.40302267002517
"EAST SIDE ELEMENTARY SCHOOL, PS 267",9526,487.71232876712327
EAST SIDE MIDDLE SCHOOL,36280,448.8638888888889
EAST-WEST SCHOOL OF INTERNATIONAL STUDIES,19671,426.0609756097561
EBBETS FIELD MIDDLE SCHOOL,16176,401.4356725146199
EDMUND W. GORDON BROOKLYN LABORATORY CHARTER SCHOO,102,604.0
"ELEMENTARY SCHOOL FOR MATH, SCIENCE, AND TECHNOLOG",12278,396.4508474576271
ELIJAH STROUD MIDDLE SCHOOL,15658,394.4031746031746
ELLA BAKER SCHOOL,5790,414.35603715170276
ELM TREE ELEMENTARY SCHOOL,9629,528.7712418300654
"EMBER CHARTER SCHOOL FOR MINDFUL EDUCATION, INNOVA",2214,432.11538461538464
EMBLAZE ACADEMY CHARTER SCHOOL,180,599.0
EMOLIOR ACADEMY,25255,402.8133971291866
ESPERANZA PREPARATORY ACADEMY,15744,383.4952978056426
EVERGREEN MIDDLE SCHOOL FOR URBAN EXPLORATION,24117,389.34556574923545
EXCELLENCE BOYS CHARTER SCHOOL,5266,402.30232558139534
EXCELLENCE GIRLS CHARTER SCHOOL,4696,423.8888888888889
EXPLORE CHARTER SCHOOL,4738,390.14285714285717
EXPLORE EMPOWER CHARTER SCHOOL,3998,394.5813953488372
EXPLORE EXCEED CHARTER SCHOOL,3020,422.7647058823529
EXPLORE EXCEL CHARTER SCHOOL,3782,407.2307692307692
FAIRMONT NEIGHBORHOOD SCHOOL,7159,436.0628272251309
FAMILY LIFE ACADEMY CHARTER SCHOOL,3572,357.95348837209303
FAMILY LIFE ACADEMY CHARTER SCHOOL II,2020,502.95652173913044
FAMILY LIFE ACADEMY CHARTER SCHOOL III,468,540.125
FANNIE LOU HAMER MIDDLE SCHOOL,24793,399.9053708439898
FORT GREENE PREPARATORY ACADEMY,19371,395.49591280653954
FORT HILL COLLABORATIVE ELEMENTARY SCHOOL,2606,547.8508771929825
FORTE PREPARATORY ACADEMY CHARTER SCHOOL,516,609.2
FREDERICK DOUGLASS ACADEMY,24506,390.3815028901734
FREDERICK DOUGLASS ACADEMY II SECONDARY SCHOOL,3613,369.54375
FREDERICK DOUGLASS ACADEMY V. MIDDLE SCHOOL,19836,406.47293447293447
FREDERICK DOUGLASS ACADEMY VIII MIDDLE SCHOOL,23008,415.3532934131737
FUTURE LEADERS INSTITUTE CHARTER SCHOOL,3418,381.8979591836735
GIRLS PREPARATORY CHARTER SCHOOL OF NEW YORK,5242,395.2857142857143
GIRLS PREPARATORY CHARTER SCHOOL OF THE BRONX,5004,413.6923076923077
GLOBAL COMMUNITY CHARTER SCHOOL,1550,432.88235294117646
GOLDIE MAPLE ACADEMY,18492,410.20843091334893
GRAND CONCOURSE CHARTER SCHOOL,3508,426.7567567567568
GRANT AVENUE ELEMENTARY SCHOOL,16049,409.9268292682927
GREAT OAKS CHARTER SCHOOL,2212,416.3333333333333
GROWING UP GREEN CHARTER SCHOOL,5200,410.5263157894737
GROWING UP GREEN CHARTER SCHOOL II,348,596.4
HAMILTON GRANGE MIDDLE SCHOOL,13385,454.80155642023345
HARBOR HEIGHTS,9022,387.35714285714283
HARBOR SCIENCE AND ARTS CHARTER SCHOOL,2368,389.734693877551
HARLEM CHILDREN'S ZONE PROMISE ACADEMY 1 CHARTER S,7388,397.734693877551
HARLEM CHILDREN'S ZONE PROMISE ACADEMY II CHARTER,6140,402.44897959183675
HARLEM HEBREW LANGUAGE CHARTER SCHOOL,1250,495.14285714285717
HARLEM LINK CHARTER SCHOOL,2052,385.2857142857143
HARLEM PREP CHARTER SCHOOL,6082,394.80434782608694
HARLEM VILLAGE ACADEMY EAST CHARTER SCHOOL,4134,407.54761904761904
HARLEM VILLAGE ACADEMY WEST CHARTER SCHOOL,4496,408.8095238095238
HAROLD O. LEVY SCHOOL,30515,376.83183183183183
HARRIET TUBMAN CHARTER SCHOOL,5818,395.8979591836735
HAWTREE CREEK MIDDLE SCHOOL,25285,439.70238095238096
HEBREW LANGUAGE ACADEMY CHARTER SCHOOL,3936,427.1666666666667
HEKETI COMMUNITY CHARTER SCHOOL,912,438.1764705882353
HELEN M. MARSHALL SCHOOL,22024,444.6566666666667
HELLENIC CLASSICAL CHARTER SCHOOL,4300,409.0
HIGHLAND PARK COMMUNITY SCHOOL,19856,450.0068259385666
HOSTOS-LINCOLN ACADEMY OF SCIENCE,13809,409.4823151125402
HUNTERS POINT COMMUNITY MIDDLE SCHOOL,22546,427.42767295597486
HUNTERS POINT ELEMENTARY SCHOOL,773,510.9761904761905
HYDE LEADERSHIP CHARTER SCHOOL,5676,376.6666666666667
HYDE LEADERSHIP CHARTER SCHOOL- BROOKLYN,2290,402.46153846153845
I. S. 381,29294,418.7250554323725
I.S. 007 ELIAS BERNSTEIN,110742,439.70533642691413
I.S. 010 HORACE GREELEY,80876,422.0556745182013
I.S. 024 MYRA S. BARNES,115621,419.2537634408602
I.S. 025 ADRIEN BLOCK,83364,430.5890410958904
I.S. 027 ANNING S. PRALL,93876,410.6735537190083
I.S. 034 TOTTENVILLE,102629,435.4195804195804
I.S. 051 EDWIN MARKHAM,117333,407.979674796748
I.S. 059 SPRINGFIELD GARDENS,51517,408.46835443037975
I.S. 061 LEONARDO DA VINCI,218238,411.18494623655914
I.S. 061 WILLIAM A MORRIS,101282,407.16494845360825
I.S. 068 ISAAC BILDERSEE,42385,400.2720930232558
I.S. 072 ROCCO LAURIE,129029,423.5514403292181
I.S. 075 FRANK D. PAULO,126378,437.60538116591925
I.S. 093 RIDGEWOOD,95436,408.1187648456057
I.S. 096 SETH LOW,68507,419.8574514038877
I.S. 117 JOSEPH H. WADE,49777,388.43283582089555
I.S. 125 THOM J. MCCANN WOODSIDE,131429,419.1746361746362
I.S. 136 CHARLES O. DEWEY,39767,400.57323232323233
I.S. 141 THE STEINWAY,110408,431.369696969697
I.S. 145 JOSEPH PULITZER,178612,418.8105726872247
I.S. 171 ABRAHAM LINCOLN,45959,391.9725
I.S. 181 PABLO CASALS,70194,421.2806603773585
I.S. 192 THE LINDEN,47800,402.17216981132077
I.S. 204 OLIVER W. HOLMES,49207,416.11304347826086
I.S. 206 ANN MERSEREAU,23357,397.12598425196853
I.S. 211 JOHN WILSON,47796,404.4810126582278
I.S. 219 NEW VENTURE SCHOOL,27840,384.2651933701657
I.S. 227 LOUIS ARMSTRONG,137668,436.38775510204084
I.S. 228 DAVID A. BOODY,124305,427.7190775681342
I.S. 229 ROLAND PATTERSON,19893,389.91340782122904
I.S. 230,111766,430.5652173913044
I.S. 232,40779,398.43220338983053
I.S. 237,120786,431.57659574468084
I.S. 238 - SUSAN B. ANTHONY ACADEMY,109724,382.46495327102804
I.S. 250 THE ROBERT F. KENNEDY COMMUNITY MIDDLE SC,34008,413.58526315789476
I.S. 254,42637,399.86768447837153
I.S. 281 JOSEPH B CAVALLARO,118858,429.51767151767154
I.S. 285 MEYER LEVIN,67795,407.5833333333333
I.S. 289,26088,439.54237288135596
I.S. 303 HERBERT S. EISENBERG,50532,418.85097192224623
I.S. 313 SCHOOL OF LEADERSHIP DEVELOPMENT,28423,396.68533333333335
I.S. 318 EUGENIO MARIA DE HOSTOS,106345,415.81015452538634
I.S. 339,42315,396.5848101265823
I.S. 340,16253,431.7687074829932
I.S. 347 SCHOOL OF HUMANITIES,28629,401.122905027933
"I.S. 349 MATH, SCIENCE & TECH.",28317,410.2
I.S. 364 GATEWAY,26381,396.96802325581393
I.S. 392,21117,442.51525423728816
I.S. 49 BERTA A. DREYFUS,59641,387.09952606635073
I.S. 5 - THE WALTER CROWLEY INTERMEDIATE SCHOOL,163562,426.02150537634407
I.S. 528 BEA FULLER RODGERS SCHOOL,15294,400.49319727891157
I.S. 584,8778,548.7027027027027
I.S. 73 - THE FRANK SANSIVIERI INTERMEDIATE SCHOOL,186179,428.37931034482756
I.S. 98 BAY ACADEMY,133977,456.7232142857143
I.S. R002 GEORGE L. EGBERT,83026,415.5273109243698
I.S. X303 LEADERSHIP & COMMUNITY SERVICE,21445,399.29245283018867
"I.S. X318 MATH, SCIENCE & TECHNOLOGY THROUGH ARTS",23833,392.28115942028984
ICAHN CHARTER SCHOOL,2896,405.1020408163265
ICAHN CHARTER SCHOOL 2,2714,411.25531914893617
ICAHN CHARTER SCHOOL 3,2554,406.4130434782609
ICAHN CHARTER SCHOOL 4,2428,430.4418604651163
ICAHN CHARTER SCHOOL 5,1816,448.55882352941177
ICAHN CHARTER SCHOOL 6,1584,462.22222222222223
ICAHN CHARTER SCHOOL 7,962,480.8
IMAGINE ME LEADERSHIP CHARTER SCHOOL,1490,405.92
IN-TECH ACADEMY (M.S. / HIGH SCHOOL 368),33064,381.91620111731845
INSTITUTE FOR COLLABORATIVE EDUCATION,2265,386.5777777777778
INTERNATIONAL SCHOOL FOR LIBERAL ARTS,10590,396.7713004484305
INWOOD ACADEMY FOR LEADERSHIP CHARTER SCHOOL,5788,377.1515151515151
IRWIN ALTMAN MIDDLE SCHOOL 172,81927,432.5051124744376
ISAAC NEWTON MIDDLE SCHOOL FOR MATH & SCIENCE,18220,397.99686520376173
J.H.S. 008 RICHARD S. GROSSLEY,41466,404.48034934497815
J.H.S. 014 SHELL BANK,49697,412.8565310492505
J.H.S. 022 JORDAN L. MOTT,40769,393.5541237113402
J.H.S. 050 JOHN D. WELLS,21864,400.48450704225354
J.H.S. 054 BOOKER T. WASHINGTON,57808,438.4556354916067
J.H.S. 062 DITMAS,96272,420.4029850746269
J.H.S. 067 LOUIS PASTEUR,63985,446.64179104477614
J.H.S. 074 NATHANIEL HAWTHORNE,92484,442.90436590436593
J.H.S. 078 ROY H. MANN,63581,410.05970149253733
J.H.S. 080 THE MOSHOLU PARKWAY,54370,386.7957746478873
J.H.S. 088 PETER ROUGET,94764,415.9095022624434
J.H.S. 098 HERMAN RIDDER,18822,409.4114114114114
J.H.S. 104 SIMON BARUCH,86443,424.8004338394794
J.H.S. 118 WILLIAM W. NILES,104877,417.172268907563
J.H.S. 123 JAMES M. KIERAN,40483,404.9685230024213
J.H.S. 127 THE CASTLE HILL,72953,415.504329004329
J.H.S. 131 ALBERT EINSTEIN,50561,400.83088235294116
J.H.S. 143 ELEANOR ROOSEVELT,27735,398.22898550724636
J.H.S. 144 MICHELANGELO,50815,408.6328502415459
J.H.S. 157 STEPHEN A. HALSEY,122900,430.62448979591835
J.H.S. 162 THE WILLOUGHBY,36666,401.3236842105263
J.H.S. 167 ROBERT F. WAGNER,117687,440.364
J.H.S. 185 EDWARD BLEEKER,136250,434.73949579831935
J.H.S. 189 DANIEL CARTER BEARD,65304,425.3652561247216
J.H.S. 190 RUSSELL SAGE,81406,403.6144859813084
J.H.S. 194 WILLIAM CARR,106368,434.5226781857451
J.H.S. 202 ROBERT H. GODDARD,97762,415.9758064516129
J.H.S. 210 ELIZABETH BLACKWELL,161492,415.08620689655174
J.H.S. 216 GEORGE J. RYAN,134744,444.1431451612903
J.H.S. 217 ROBERT A. VAN WYCK,107057,402.16336633663366
J.H.S. 218 JAMES P. SINNOTT,40248,399.490990990991
J.H.S. 220 JOHN J. PERSHING,136157,431.13392857142856
J.H.S. 223 THE MONTAUK,84624,421.0626349892009
J.H.S. 226 VIRGIL I. GRISSOM,91522,404.07081545064375
J.H.S. 227 EDWARD B. SHALLOW,140192,424.58666666666664
J.H.S. 234 ARTHUR W. CUNNINGHAM,176465,437.8243512974052
J.H.S. 259 WILLIAM MCKINLEY,167397,440.43949044585986
J.H.S. 278 MARINE PARK,98468,423.6659793814433
J.H.S. 291 ROLAND HAYES,31781,388.32
J.H.S. 292 MARGARET S. DOUGLAS,55141,411.94408602150537
J.H.S. 383 PHILIPPA SCHUYLER,69518,422.03617021276597
JAMAICA CHILDREN'S SCHOOL,2309,543.2696629213483
JAMES WELDON JOHNSON,47113,406.16843702579666
JEAN NUZZI INTERMEDIATE SCHOOL,91555,407.89978213507624
JOHN ERICSSON MIDDLE SCHOOL 126,26825,404.3777777777778
JOHN W. LAVELLE PREPARATORY CHARTER SCHOOL,5058,407.2162162162162
JONAS BRONCK ACADEMY,25067,424.8814432989691
JOSEPH F. QUINN INTERMEDIATE SCHOOL 77,90105,405.5773420479303
JUAN MOREL CAMPOS SECONDARY SCHOOL,17927,376.8640483383686
KAPPA,22536,413.46753246753246
KAPPA III,30979,410.8128205128205
KAPPA V (KNOWLEDGE AND POWER PREPARATORY ACADEMY),11965,405.094262295082
KEY COLLEGIATE CHARTER SCHOOL,184,592.6666666666666
KINGS COLLEGIATE CHARTER SCHOOL,3692,392.3
KINGSBOROUGH EARLY COLLEGE SCHOOL,18507,423.1010638297872
KIPP ACADEMY CHARTER SCHOOL,6564,401.25
KIPP AMP CHARTER SCHOOL,5390,410.1
KIPP FREEDOM CHARTER SCHOOL,186,608.0
KIPP INFINITY CHARTER SCHOOL,6984,414.1521739130435
KIPP STAR COLLEGE PREP CHARTER SCHOOL,4750,412.86842105263156
KIPP WASHINGTON HEIGHTS MIDDLE SCHOOL,5684,424.4736842105263
KNOWLEDGE AND POWER PREPARATORY ACADEMY VI,18132,418.76143790849676
LA CIMA CHARTER SCHOOL,2414,385.64285714285717
LAFAYETTE ACADEMY,12428,414.8222222222222
LAUNCH EXPEDITIONARY LEARNING CHARTER SCHOOL,3448,380.72
LEADERS OF TOMORROW,28341,392.20485175202157
LEADERSHIP PREP BEDFORD STUYVESANT UNCOMMON PREP C,5372,406.4651162790698
LEADERSHIP PREP CANARSIE CHARTER SCHOOL (LEADERSHI,3266,449.65384615384613
LEADERSHIP PREPARATORY BROWNSVILLE CHARTER SCHOOL,4518,416.52777777777777
LEADERSHIP PREPARATORY OCEAN HILL CHARTER SCHOOL,4600,432.9142857142857
LEARNERS AND LEADERS,16038,456.2367601246106
LEGACY COLLEGE PREPARATORY,742,601.6
LEGACY SCHOOL OF THE ARTS,3311,528.4044943820224
LIBERTY AVENUE MIDDLE SCHOOL,33907,437.47293447293447
LIGHTHOUSE ELEMENTARY SCHOOL,7676,396.70786516853934
LINDEN TREE ELEMENTARY SCHOOL,8999,492.0044642857143
LOWER MANHATTAN COMMUNITY MIDDLE SCHOOL,31670,431.216091954023
LUCERO ELEMENTARY SCHOOL,8434,450.3096446700508
LUISA PINEIRO FUENTES SCHOOL OF SCIENCE AND DISCOV,15209,400.60632183908046
LYONS COMMUNITY SCHOOL,10645,356.02766798418975
M.S. 035 STEPHEN DECATUR,14539,417.25347222222223
M.S. 053 BRIAN PICCOLO,27287,385.72
M.S. 061 DR. GLADSTONE H. ATWELL,68149,409.0
M.S. 113 RONALD EDMONDS LEARNING CENTER,36556,401.4061696658098
M.S. 129 ACADEMY FOR INDEPENDENT LEARNING AND LEAD,44600,410.05392156862746
M.S. 131,33970,423.1454545454545
M.S. 137 AMERICA'S SCHOOL OF HEROES,154288,397.4356659142212
M.S. 158 MARIE CURIE,78855,427.63488372093025
M.S. 180 DR. DANIEL HALE WILLIAMS,79153,415.1031941031941
M.S. 224 MANHATTAN EAST SCHOOL FOR ARTS & ACADEMIC,9195,410.31007751937983
M.S. 243 CENTER SCHOOL,14236,451.1114551083591
M.S. 246 WALT WHITMAN,36924,397.58673469387753
M.S. 250 WEST SIDE COLLABORATIVE MIDDLE SCHOOL,12505,393.06325301204816
M.S. 255 SALK SCHOOL OF SCIENCE,28985,449.66951566951565
"M.S. 267 MATH, SCIENCE & TECHNOLOGY",14170,413.06451612903226
M.S. 297,13387,565.6222222222223
M.S. 301 PAUL L. DUNBAR,20269,384.95601173020526
M.S. 302 LUISA DESSUS CRUZ,45332,403.6666666666667
M.S. 319 - MARIA TERESA,36288,386.4561933534743
M.S. 324 - PATRIA MIRABAL,30945,411.6448362720403
M.S. 358,14603,483.01363636363635
M.S. 390,41379,405.3306451612903
M.S. 442 CARROLL GARDENS SCHOOL FOR INNOVATION,15608,405.93277310924367
M.S. 51 WILLIAM ALEXANDER,77383,423.2992700729927
M.S. 582,21321,404.7223796033994
M.S. 839,7974,481.13157894736844
M.S. 890,8153,546.7739726027397
M.S. 935,3140,501.05357142857144
M.S. K266 - PARK PLACE COMMUNITY MIDDLE SCHOOL,8621,391.9496124031008
M.S. K394,24756,390.26751592356686
M.S. M245 THE COMPUTER SCHOOL,27552,424.1957104557641
M.S. M247 DUAL LANGUAGE MIDDLE SCHOOL,14698,424.6112956810631
M.S. X101 EDWARD R. BYRNE,44980,423.23832923832924
MADIBA PREP MIDDLE SCHOOL,13733,414.0204081632653
"MAGNET SCHOOL OF MATH, SCIENCE AND DESIGN TECHNOLO",38231,439.83529411764704
MANHATTAN CHARTER SCHOOL,1598,395.5357142857143
MANHATTAN CHARTER SCHOOL II,734,445.2352941176471
MARK TWAIN I.S. 239 FOR THE GIFTED & TALENTED,102697,450.2155963302752
MARSH AVENUE SCHOOL FOR EXPEDITIONARY LEARNING,41196,429.0746987951807
MEDGAR EVERS COLLEGE PREPARATORY SCHOOL,10854,437.7132867132867
MERRICK ACADEMY - QUEENS PUBLIC CHARTER SCHOOL,3478,374.8709677419355
METROPOLITAN EXPEDITIONARY LEARNING SCHOOL,24672,406.78024691358024
METROPOLITAN LIGHTHOUSE CHARTER SCHOOL,3312,406.7692307692308
MIDDLE SCHOOL 322,31016,402.56473829201104
MIDDLE SCHOOL FOR ART AND PHILOSOPHY,19167,399.3503184713376
MIDDLE VILLAGE PREP CHARTER SCHOOL,2806,423.6470588235294
MILTON FEIN SCHOOL,41309,426.41309255079005
MOSAIC PREPARATORY ACADEMY,9389,391.27464788732397
MOTT HALL BRIDGES ACADEMY,15316,402.452296819788
MOTT HALL CHARTER SCHOOL,2832,387.12
MOTT HALL COMMUNITY SCHOOL,26635,413.5773955773956
MOTT HALL II,25712,422.55172413793105
MOTT HALL III,31631,423.02168021680217
MOTT HALL IV,8822,388.8168316831683
MOTT HALL V,24528,389.80054644808746
MOTT HAVEN ACADEMY CHARTER SCHOOL,2179,419.4
MOUNT EDEN CHILDREN'S ACADEMY,10329,476.4144144144144
MS 936 ARTS OFF 3RD,8066,521.7011494252873
MUSCOTA,9757,436.5496894409938
NAPLES STREET ELEMENTARY SCHOOL,6039,547.6220930232558
NEIGHBORHOOD CHARTER SCHOOL OF HARLEM,1900,486.9
NEIGHBORHOOD SCHOOL,2885,377.25748502994014
NEW 2021 D.24 MS IN BUILDING Q419,2204,434.72727272727275
NEW AMERICAN ACADEMY CHARTER SCHOOL,1052,476.0
NEW BRIDGES ELEMENTARY,9847,465.6578947368421
NEW DESIGN MIDDLE SCHOOL,14211,380.6735395189003
"NEW EXPLORATIONS INTO SCIENCE, TECHNOLOGY AND MATH",50876,462.83556405353727
NEW HEIGHTS ACADEMY CHARTER SCHOOL,5334,379.9714285714286
NEW HEIGHTS MIDDLE SCHOOL,21598,412.99380804953563
NEW MILLENNIUM BRONX ACADEMY OF THE ARTS,18680,396.62330623306235
NEW PATHWAYS ACADEMY,5524,539.9107142857143
NEW VOICES SCHOOL OF ACADEMIC & CREATIVE ARTS,39991,430.51908396946567
NEW WORLD PREPARATORY CHARTER SCHOOL,4950,395.2068965517241
NEW YORK CITY ACADEMY FOR DISCOVERY,18438,416.8081841432225
NEW YORK CITY CHARTER SCHOOL OF THE ARTS,932,532.3333333333334
NEW YORK CITY LAB MIDDLE SCHOOL FOR COLLABORATIVE,40710,451.3655352480418
NEW YORK CITY MONTESSORI CHARTER SCHOOL,1296,399.2857142857143
NEW YORK FRENCH AMERICAN CHARTER SCHOOL,1566,399.82142857142856
NORMA ADAMS CLEMONS ACADEMY,32377,410.70976253298153
NORTH BRONX SCHOOL OF EMPOWERMENT,32426,406.4858611825193
OCEAN HILL COLLEGIATE CHARTER SCHOOL,3288,398.0344827586207
ONE WORLD MIDDLE SCHOOL AT EDENWALD,29645,405.95652173913044
OUR WORLD NEIGHBORHOOD CHARTER SCHOOL,6274,398.57142857142856
P. S. 62 - CHESTER PARK SCHOOL,44103,425.8348416289593
P.S. /I.S. 384 FRANCES E. CARTER,28191,394.1177536231884
P.S. 001 ALFRED E. SMITH,15928,420.1717948717949
P.S. 001 COURTLANDT SCHOOL,24639,396.0029761904762
P.S. 001 THE BERGEN,51158,417.58133971291863
P.S. 001 TOTTENVILLE,22388,423.7983651226158
P.S. 002 ALFRED ZIMBERG,30665,430.57142857142856
P.S. 002 MEYER LONDON,27160,432.24661246612465
P.S. 003 CHARRETTE SCHOOL,28575,440.2083333333333
P.S. 003 THE BEDFORD VILLAGE,15073,391.2668810289389
P.S. 003 THE MARGARET GIOIOSA SCHOOL,43473,434.6840731070496
P.S. 004 DUKE ELLINGTON,26027,406.8368983957219
P.S. 004 MAURICE WOLLIN,34692,431.550505050505
P.S. 005 DR. RONALD MCNAIR,6403,394.3130841121495
P.S. 005 ELLEN LURIE,25603,400.4739726027397
P.S. 005 HUGUENOT,9800,458.98490566037736
P.S. 006 LILLIE D. BLAKE,29203,452.0157068062827
P.S. 006 WEST FARMS,20711,401.8673139158576
P.S. 007 ABRAHAM LINCOLN,42020,408.5612009237875
P.S. 007 LOUIS F. SIMEONE,38820,461.919298245614
P.S. 007 SAMUEL STERN,17290,402.74110671936756
P.S. 008 ISAAC VARIAN,49519,413.41834451901565
P.S. 008 LUIS BELLIARD,19325,410.97712418300654
P.S. 009 SARAH ANDERSON,27199,443.990171990172
P.S. 011 HIGHBRIDGE,29096,400.5777777777778
P.S. 011 KATHRYN PHELAN,65423,428.4339963833635
P.S. 011 PURVIS J. BEHAN,30820,436.74184782608694
P.S. 011: THE SARAH J. GARNET ELEMENTARY SCHOOL,39987,438.2860411899313
P.S. 012 JAMES B. COLGATE,61018,433.6285046728972
P.S. 013 CLEMENT C. MOORE,73914,428.02207505518766
P.S. 013 M. L. LINDEMEYER,42198,425.1163793103448
P.S. 013 ROBERTO CLEMENTE,16644,396.11803278688524
P.S. 014 FAIRVIEW,89659,410.29464285714283
P.S. 015 JACKIE ROBINSON,17672,423.07540983606555
P.S. 015 PATRICK F. DALY,11837,418.1194029850746
P.S. 015 ROBERTO CLEMENTE,5046,407.1386554621849
P.S. 016 JOHN J. DRISCOLL,27426,388.2205128205128
P.S. 016 LEONARD DUNKLY,7644,393.90458015267177
P.S. 016 WAKEFIELD,18550,405.3841642228739
P.S. 017 HENRY D. WOODWORTH,12022,413.580547112462
P.S. 017 HENRY DAVID THOREAU,24015,415.2324561403509
P.S. 018 EDWARD BUSH,5444,409.0779220779221
P.S. 018 JOHN G. WHITTIER,22878,410.4719101123595
P.S. 018 JOHN PETER ZENGER,23336,405.64102564102564
P.S. 018 PARK TERRACE,18777,375.01354401805867
P.S. 018 WINCHESTER,25362,441.19642857142856
P.S. 019 JUDITH K. WEISS,33354,427.9865067466267
P.S. 019 MARINO JEANTET,94854,420.5880893300248
P.S. 019 THE CURTIS SCHOOL,26551,412.2543209876543
P.S. 020 ANNA SILVER,19191,408.22454308093995
P.S. 020 CLINTON HILL,14659,431.5743440233236
P.S. 020 JOHN BOWNE,63339,434.0286975717439
P.S. 020 PORT RICHMOND,21485,398.01149425287355
P.S. 021 CRISPUS ATTUCKS,22111,425.19344262295084
P.S. 021 EDWARD HART,65470,436.8473451327434
P.S. 021 PHILIP H. SHERIDAN,32933,402.831550802139
P.S. 022 GRANITEVILLE,48761,415.3784355179704
P.S. 022 THOMAS JEFFERSON,40385,441.1545667447307
P.S. 023 CARTER G. WOODSON,8912,409.7972027972028
P.S. 023 RICHMONDTOWN,24954,440.57372654155495
P.S. 023 THE NEW CHILDREN'S SCHOOL,20068,389.091743119266
P.S. 024,27704,403.7067039106145
P.S. 024 ANDREW JACKSON,56956,441.1452380952381
P.S. 024 SPUYTEN DUYVIL,38593,431.58992805755395
P.S. 025 BILINGUAL SCHOOL,15079,409.3789808917197
P.S. 025 EUBIE BLAKE SCHOOL,3587,379.03389830508473
P.S. 026 JESSE OWENS,7692,422.39299610894943
P.S. 026 RUFUS KING,30565,439.36511627906975
P.S. 026 THE CARTERET SCHOOL,9153,439.514367816092
P.S. 028 MOUNT HOPE,28001,413.34897360703815
P.S. 028 WRIGHT BROTHERS,29641,408.69973890339423
P.S. 029 BARDWELL,33923,427.0420560747664
P.S. 029 JOHN M. HARRIGAN,30703,438.2762148337596
P.S. 029 QUEENS,35203,423.04587155963304
P.S. 030 HERNANDEZ/HUGHES,8433,386.3085501858736
P.S. 030 WESTERLEIGH,37748,432.1626794258373
P.S. 030 WILTON,22849,401.0762711864407
P.S. 031 BAYSIDE,23101,438.07744874715263
P.S. 031 SAMUEL F. DUPONT,20255,438.6058201058201
P.S. 031 WILLIAM T. DAVIS,17710,390.95061728395063
P.S. 032 BELMONT,33405,410.32311977715875
P.S. 032 SAMUEL MILLS SPROLE,15821,435.6373056994819
P.S. 032 STATE STREET,46297,441.7550561797753
P.S. 032 THE GIFFORD SCHOOL,33093,432.22251308900525
P.S. 033 CHELSEA PREP,25783,440.349537037037
P.S. 033 EDWARD M. FUNK,47319,420.5162601626016
P.S. 033 TIMOTHY DWIGHT,44550,407.3421052631579
P.S. 034 FRANKLIN D. ROOSEVELT,17424,393.60084925690023
P.S. 034 JOHN HARVARD,26667,423.454094292804
P.S. 034 OLIVER H. PERRY,16658,433.61607142857144
P.S. 035 FRANZ SIEGEL,28799,406.0989010989011
P.S. 035 NATHANIEL WOODHULL,30348,414.7920353982301
P.S. 036 J. C. DRUMGOOLE,38401,435.97340425531917
P.S. 036 MARGARET DOUGLAS,13898,403.3365079365079
P.S. 036 SAINT ALBANS SCHOOL,18945,415.89506172839504
P.S. 036 UNIONPORT,33186,426.82142857142856
P.S. 038 GEORGE CROMWELL,16616,430.48148148148147
P.S. 038 ROSEDALE,9098,429.71535580524346
P.S. 038 THE PACIFIC,18714,434.01237623762376
P.S. 039 HENRY BRISTOW,13611,436.73993808049534
P.S. 040 AUGUSTUS SAINT-GAUDENS,26721,446.78350515463916
P.S. 040 GEORGE W. CARVER,11564,419.2922077922078
P.S. 040 SAMUEL HUNTINGTON,19974,407.55649717514126
P.S. 041 CROCHERON,24885,446.9671717171717
P.S. 041 FRANCIS WHITE,22930,388.0043956043956
P.S. 041 GREENWICH VILLAGE,29820,445.112
P.S. 041 GUN HILL ROAD,39977,406.2055555555556
P.S. 042 BENJAMIN ALTMAN,31317,447.4418604651163
P.S. 042 CLAREMONT,15377,396.6857142857143
P.S. 042 ELTINGVILLE,47849,436.0289855072464
P.S. 043,47174,393.11764705882354
P.S. 043 JONAS BRONCK,16591,413.7147766323024
P.S. 044 DAVID C. FARRAGUT,9204,399.1358490566038
P.S. 044 MARCUS GARVEY,5284,392.79234972677597
P.S. 044 THOMAS C. BROWN,34124,397.08376963350787
P.S. 045 CLARENCE WITHERSPOON,12673,393.3545454545455
P.S. 045 JOHN TYLER,42320,417.8333333333333
P.S. 046 ALBERT V. MANISCALCO,12280,399.6972972972973
P.S. 046 ALLEY POND,26127,442.2237762237762
P.S. 046 ARTHUR TAPPAN,36493,384.58875219683654
P.S. 046 EDGAR ALLAN POE,50939,399.3048780487805
P.S. 046 EDWARD C. BLUM,10711,406.51535836177476
P.S. 047 CHRIS GALAS,9120,428.5079365079365
P.S. 047 JOHN RANDOLPH,50170,401.99313501144167
P.S. 048 JOSEPH R. DRAKE,29541,389.30812324929974
P.S. 048 MAPLETON,27990,427.41037735849056
P.S. 048 P.O. MICHAEL J. BUCZEK,21078,406.6369230769231
P.S. 048 WILLIAM G. WILCOX,52602,440.5184
P.S. 049 DOROTHY BONAWIT KOLE,72208,432.962962962963
P.S. 049 WILLIS AVENUE,25101,412.40672782874617
P.S. 050 FRANK HANKINSON,38749,444.79468599033817
P.S. 050 TALFOURD LAWN ELEMENTARY SCHOOL,34870,424.45995423340963
P.S. 051 ELIAS HOWE,14300,426.3012987012987
P.S. 052 JOHN C. THOMPSON,24814,427.76555023923447
P.S. 052 QUEENS,18496,408.4634920634921
P.S. 052 SHEEPSHEAD BAY,37471,424.97033898305085
P.S. 053 BASHEER QUISIM,53014,420.80445544554453
P.S. 054 CHARLES W. LENG,37797,433.5132158590308
P.S. 054 HILLSIDE,25885,415.53956834532374
P.S. 054 SAMUEL C. BARNES,5336,383.01913875598086
P.S. 055 BENJAMIN FRANKLIN,24850,387.5828220858896
P.S. 055 HENRY M. BOEHM,28398,430.73389355742296
P.S. 055 MAURE,20351,420.66582914572865
P.S. 056 HARRY EICHLER,28617,422.8021739130435
P.S. 056 LEWIS H. LATIMER,7883,419.64528301886793
P.S. 056 NORWOOD HEIGHTS,34647,421.6168831168831
P.S. 057 CRESCENT,20731,394.58092485549133
P.S. 057 HUBERT H. HUMPHREY,28285,403.7243243243243
P.S. 058,18260,396.3101449275362
P.S. 058 THE CARROLL,37037,437.5889423076923
P.S. 059 BEEKMAN HILL INTERNATIONAL,25856,443.0635294117647
P.S. 059 THE COMMUNITY SCHOOL OF TECHNOLOGY,22339,394.5135135135135
P.S. 059 WILLIAM FLOYD,11335,391.961937716263
P.S. 060 ALICE AUSTEN,42277,419.6621315192744
P.S. 060 WOODHAVEN,55636,432.80257510729615
P.S. 061 FRANCISCO OLLER,12925,398.208904109589
P.S. 062 INOCENSIO CASANOVA,26930,410.8548895899054
P.S. 063 AUTHOR'S ACADEMY,19736,413.37931034482756
P.S. 063 OLD SOUTH,62182,428.41614906832297
P.S. 064 JOSEPH P. ADDABBO,30631,422.1411764705882
P.S. 064 ROBERT SIMON,8487,397.63028169014086
P.S. 065,31564,427.3990147783251
P.S. 065 MOTHER HALE ACADEMY,13654,405.4668989547038
P.S. 066 JACQUELINE KENNEDY ONASSIS,22418,434.6247086247086
P.S. 066 SCHOOL OF HIGHER EXPECTATIONS,25648,404.5263157894737
P.S. 067 CHARLES A. DORSEY,8015,385.4761904761905
P.S. 067 MOHEGAN SCHOOL,23794,405.4408284023669
P.S. 068 BRONX,32082,409.51488095238096
P.S. 068 CAMBRIDGE,30749,413.19154228855723
P.S. 069 DANIEL D. TOMPKINS,47474,423.0282608695652
P.S. 069 JACKSON HEIGHTS,57910,432.4318181818182
P.S. 069 JOURNEY PREP SCHOOL,23565,429.743661971831
P.S. 070,42571,425.96724890829694
P.S. 070 MAX SCHOENFELD,55651,404.79234972677597
P.S. 071 FOREST,37899,424.27906976744185
P.S. 071 ROSE E. SCALA,109456,425.77027027027026
P.S. 072 DR. WILLIAM DORNEY,33601,410.7118226600985
P.S. 073 BRONX,27973,384.58484848484846
P.S. 075 EMILY DICKINSON,23609,421.863309352518
P.S. 075 MAYDA CORTIELLA,16946,392.83076923076925
P.S. 076 A. PHILIP RANDOLPH,19277,400.7937219730942
P.S. 076 THE BENNINGTON SCHOOL,48331,409.48729792147805
P.S. 076 WILLIAM HALLET,18960,406.26732673267327
P.S. 078 ANNE HUTCHINSON,36268,404.8119891008174
P.S. 079 FRANCIS LEWIS,49335,439.43636363636364
P.S. 081 ROBERT J. CHRISTEN,24668,429.1601941747573
P.S. 081 THADDEUS STEVENS,11309,400.36301369863014
P.S. 082 HAMMOND,32553,413.125
P.S. 083 DONALD HERTZ,113879,423.2773631840796
P.S. 083 LUIS MUNOZ RIVERA,16947,419.9522471910112
P.S. 084 JOSE DE DIEGO,28747,438.29814814814813
P.S. 084 LILLIAN WEBER,21380,431.0320197044335
P.S. 084 STEINWAY,11253,407.008
P.S. 085 GREAT EXPECTATIONS,42445,397.88022284122565
P.S. 085 JUDGE CHARLES VALLONE,23822,444.47869674185466
P.S. 086 KINGSBRIDGE HEIGHTS,89119,422.73713235294116
P.S. 086 THE IRVINGTON,14927,397.1326530612245
P.S. 087 BRONX,27951,405.0860215053763
P.S. 087 WILLIAM SHERMAN,37488,440.99520383693044
P.S. 088 SENECA,44637,418.0228310502283
P.S. 089 BRONX,83050,412.4234122042341
P.S. 089 CYPRESS HILLS,24760,401.9154929577465
P.S. 090 HORACE MANN,37752,425.1791383219955
P.S. 091 BRONX,28583,408.92287917737787
P.S. 091 RICHARD ARKWRIGHT,35359,415.81310679611653
P.S. 091 THE ALBANY AVENUE SCHOOL,13019,389.078125
P.S. 092 ADRIAN HEGEMAN,17444,408.5029069767442
P.S. 092 HARRY T. STEWART SR.,41636,411.95767195767195
P.S. 092 MARY MCLEOD BETHUNE,8378,402.07984790874525
P.S. 093 ALBERT G. OLIVER,13409,408.8317757009346
P.S. 093 WILLIAM H. PRESCOTT,7942,392.3930131004367
P.S. 094 DAVID D. PORTER,17020,432.77111716621255
P.S. 094 KINGS COLLEGE SCHOOL,55668,399.1523178807947
P.S. 094 THE HENRY LONGFELLOW,61106,419.80263157894734
P.S. 095 EASTWOOD,59917,419.96860986547085
P.S. 095 SHEILA MENCHER,78571,410.9778645833333
P.S. 095 THE GRAVESEND,53355,431.4928664072633
P.S. 096,11259,436.27405247813414
P.S. 096 JOSEPH LANZETTA,25279,392.3344827586207
P.S. 096 RICHARD RODGERS,46513,420.2489082969432
P.S. 097 BRONX,31583,415.4626168224299
P.S. 097 FOREST PARK,31212,424.65714285714284
P.S. 098 SHORAC KAPPOCK,18892,393.47747747747746
P.S. 098 THE DOUGLASTON SCHOOL,8508,454.97966101694914
P.S. 099 ISAAC ASIMOV,49826,418.51015228426394
P.S. 099 KEW GARDENS,43191,431.265306122449
P.S. 100 GLEN MORRIS,43562,434.9678899082569
P.S. 100 ISAAC CLASON,24960,404.2973760932945
P.S. 100 THE CONEY ISLAND SCHOOL,33210,434.48926014319807
P.S. 101 SCHOOL IN THE GARDENS,24920,438.32265446224255
P.S. 101 THE VERRAZANO,46324,441.6407322654462
P.S. 102 BAYVIEW,83344,431.68533333333335
P.S. 102 JACQUES CARTIER,9354,395.1067615658363
P.S. 102 THE BAYVIEW,65217,436.7594654788419
P.S. 103 HECTOR FONTANEZ,48659,401.7775229357798
P.S. 104 THE BAYS WATER,29647,412.33417085427135
P.S. 105 SEN ABRAHAM BERNSTEIN,57338,413.5356371490281
P.S. 105 THE BAY SCHOOL,45790,398.39209225700165
P.S. 105 THE BLYTHEBOURNE,81397,444.0309523809524
P.S. 106 EDWARD EVERETT HALE,18571,400.3217665615142
P.S. 106 PARKCHESTER,52920,421.0824295010846
P.S. 107,20165,399.3621794871795
P.S. 107 JOHN W. KIMBALL,20903,437.4725609756098
P.S. 107 THOMAS A DOOLEY,43383,428.79498861047836
P.S. 108 ASSEMBLYMAN ANGELO DEL TORO EDUCATIONAL C,32179,391.19343696027636
P.S. 108 CAPTAIN VINCENT G. FOWLER,69601,433.57894736842104
P.S. 108 PHILIP J. ABINANTI,23151,423.56188118811883
P.S. 108 SAL ABBRACCIAMENTO,40459,426.1284403669725
P.S. 109,34532,409.9591141396934
P.S. 109 SEDGWICK,29256,402.31267605633803
P.S. 11 THOMAS DONGAN SCHOOL,12272,417.17857142857144
P.S. 110,17235,510.2037037037037
P.S. 110 FLORENCE NIGHTINGALE,14439,435.8631284916201
P.S. 110 THE MONITOR,14157,416.88440860215053
P.S. 110 THEODORE SCHOENFELD,15716,406.8980263157895
P.S. 111 ADOLPH S. OCHS,21083,392.57256461232606
P.S. 111 JACOB BLACKWELL,16572,392.35795454545456
P.S. 111 SETON FALLS,27576,397.83094555873924
P.S. 112 BRONXWOOD,14437,396.6789667896679
P.S. 112 DUTCH KILLS,20583,412.06971153846155
P.S. 112 LEFFERTS PARK,29135,432.10091743119267
P.S. 114 RYDER ELEMENTARY,23407,401.5594202898551
P.S. 115 ALEXANDER HUMBOLDT,19199,409.93333333333334
P.S. 115 DANIEL MUCATEL SCHOOL,47106,417.9248120300752
P.S. 116 ELIZABETH L FARRELL,21280,406.45961002785515
P.S. 116 MARY LINDLEY MURRAY,26550,421.9708520179372
P.S. 117 J. KELD / BRIARWOOD SCHOOL,43780,425.68277310924367
P.S. 118 LORRAINE HANSBERRY,21564,408.2046783625731
P.S. 119 AMERSFORT,26294,415.122009569378
P.S. 120 CARLOS TAPIA,14550,410.01197604790417
P.S. 120 QUEENS,47035,436.7238805970149
P.S. 121 NELSON A. ROCKEFELLER,16840,432.38392857142856
P.S. 121 QUEENS,37028,434.24465558194777
P.S. 121 THROOP,42997,416.4307304785894
P.S. 122 MAMIE FAY,71078,453.41285714285715
P.S. 123,28020,424.77120822622106
P.S. 123 MAHALIA JACKSON,26394,391.8378378378378
P.S. 123 SUYDAM,29509,413.1214689265537
P.S. 124 OSMOND A CHURCH,80719,422.79362880886424
P.S. 124 SILAS B. DUTCHER,10558,416.1218130311615
P.S. 124 YUNG WING,34455,446.57866666666666
P.S. 125 RALPH BUNCHE,4827,437.6779661016949
P.S. 126 DR MARJORIE H DUNBAR,24278,399.343661971831
P.S. 126 JACOB AUGUST RIIS,38192,433.6834415584416
P.S. 127 AEROSPACE SCIENCE MAGNET SCHOOL,82265,411.8855263157895
P.S. 127 MCKINLEY PARK,25977,429.06466512702076
P.S. 128 AUDUBON,20963,409.60064935064935
P.S. 128 BENSONHURST,19224,422.35380835380835
"P.S. 128 THE LORRAINE TUZZO, JUNIPER VALLEY ELEMEN",52150,432.36597110754417
P.S. 129 JOHN H. FINLEY,20834,379.3818565400844
P.S. 129 PATRICIA LARKIN,53482,436.1934065934066
P.S. 130,8798,478.96356275303646
P.S. 130 ABRAM STEVENS HEWITT,19925,400.22089552238805
P.S. 130 HERNANDO DE SOTO,44764,447.47115384615387
P.S. 130 THE PARKSIDE,29031,428.6528735632184
P.S. 131 ABIGAIL ADAMS,43169,431.7217391304348
P.S. 131 BROOKLYN,45227,427.78688524590166
P.S. 132 GARRET A. MORGAN,18316,388.9047619047619
P.S. 132 JUAN PABLO DUARTE,20478,387.5813953488372
P.S. 132 RALPH BUNCHE,12827,426.50522648083626
P.S. 132 THE CONSELYEA SCHOOL,25668,436.5768194070081
P.S. 133 FRED R MOORE,7088,394.30859375
P.S. 133 QUEENS,22011,442.3725
P.S. 133 WILLIAM A. BUTLER,17949,436.92241379310343
P.S. 134 GEORGE F. BRISTOW,22654,397.90712074303406
P.S. 134 HENRIETTA SZOLD,11119,404.2145110410095
P.S. 134 HOLLIS,18403,404.8066298342541
P.S. 135 SHELDON A. BROOKNER,26942,412.2651296829971
P.S. 136 ROY WILKINS,23037,424.09969788519635
P.S. 138 BROOKLYN,32953,409.2634615384615
P.S. 138 SAMUEL RANDALL,33962,409.38120104438644
P.S. 139 ALEXINE A. FENTY,44573,416.6392405063291
P.S. 139 REGO PARK,36414,433.6622516556291
P.S. 140 EDWARD K ELLINGTON,15240,385.63732394366195
P.S. 140 NATHAN STRAUS,20630,392.25612052730696
P.S. 142 AMALIA CASTRO,9284,378.285140562249
P.S. 143 LOUIS ARMSTRONG,88252,407.3603818615752
P.S. 144 COL JEROMUS REMSEN,35016,438.35498839907194
P.S. 145 ANDREW JACKSON,27913,398.07648725212465
"P.S. 145, THE BLOOMINGDALE SCHOOL",14524,400.3258426966292
P.S. 146 ANN M. SHORT,12244,401.86138613861385
P.S. 146 EDWARD COLLINS,12339,410.2
P.S. 146 HOWARD BEACH,36343,414.97118644067797
P.S. 147 ISAAC REMSEN,6886,418.5632183908046
P.S. 148 QUEENS,42578,418.80541871921184
P.S. 149 CHRISTA MCAULIFFE,68057,422.125
P.S. 149 DANNY KAYE,26649,414.976401179941
P.S. 149 SOJOURNER TRUTH,12865,389.39168490153173
P.S. 150,5181,441.25
P.S. 150 CHARLES JAMES FOX,35118,403.3709677419355
P.S. 150 CHRISTOPHER,6496,386.6102362204724
P.S. 150 QUEENS,55148,437.95855855855854
P.S. 151 LYNDON B. JOHNSON,11308,395.86080586080584
P.S. 151 MARY D. CARTER,15700,412.0655270655271
P.S. 152 DYCKMAN VALLEY,23296,405.6276923076923
P.S. 152 EVERGREEN,40948,411.03365384615387
P.S. 152 GWENDOLINE N. ALLEYNE SCHOOL,55599,424.87772925764193
P.S. 153 ADAM CLAYTON POWELL,28959,400.1074168797954
P.S. 153 HELEN KELLER,30983,428.1182519280206
P.S. 153 HOMECREST,22710,428.91121495327104
P.S. 153 MASPETH ELEM,66460,430.62018348623855
P.S. 154 HARRIET TUBMAN,9551,409.0
P.S. 154 JONATHAN D. HYATT,14371,409.69204152249137
P.S. 154 QUEENS,31750,425.1760869565217
P.S. 155,20124,433.42857142857144
P.S. 155 WILLIAM PACA,10752,384.8904109589041
P.S. 156 LAURELTON,15854,379.5969230769231
P.S. 156 WAVERLY,31181,396.43023255813955
P.S. 157 GROVE HILL,25067,410.8358208955224
P.S. 158 BAYARD TAYLOR,30424,447.9466019417476
P.S. 158 WARWICK,22720,411.66472303206996
P.S. 159,30699,442.73755656108597
P.S. 159 ISAAC PITKIN,39031,417.92727272727274
P.S. 159 LUIS MUNOZ MARIN BILING,6773,393.24793388429754
P.S. 160 WALT DISNEY,14654,399.4471299093656
P.S. 160 WALTER FRANCIS BISHOP,28274,410.9178743961353
P.S. 160 WILLIAM T. SAMPSON,59584,434.98375870069606
P.S. 161 ARTHUR ASHE SCHOOL,29050,431.64203233256353
P.S. 161 JUAN PONCE DE LEON SCHOOL,16275,400.7395498392283
P.S. 161 PEDRO ALBIZU CAMPOS,53393,404.675799086758
P.S. 161 THE CROWN,17067,405.03184713375794
P.S. 162 JOHN GOLDEN,34983,446.12268518518516
P.S. 163 ALFRED E. SMITH,26463,434.3975903614458
P.S. 163 ARTHUR A. SCHOMBURG,20404,399.6234939759036
P.S. 163 BATH BEACH,38058,434.2728531855956
P.S. 163 FLUSHING HEIGHTS,32052,443.4519230769231
P.S. 164 CAESAR RODNEY,24668,430.9239904988124
P.S. 164 QUEENS VALLEY,31763,423.53625377643505
P.S. 165 EDITH K. BERGTRAUM,31146,433.3103448275862
P.S. 165 IDA POSNER,12840,334.11206896551727
P.S. 165 ROBERT E. SIMON,34402,384.4728813559322
P.S. 166 HENRY GRADSTEIN,52240,429.4470338983051
P.S. 166 THE RICHARD RODGERS SCHOOL OF THE ARTS AN,27928,445.4265402843602
P.S. 169 BAY TERRACE,16394,434.1546666666667
P.S. 169 SUNSET PARK,72050,427.6775700934579
P.S. 171 PATRICK HENRY,43603,441.6954474097331
P.S. 171 PETER G. VAN ALST,20559,409.8879781420765
P.S. 172 BEACON SCHOOL OF EXCELLENCE,20157,455.89784946236557
P.S. 173,23386,401.1385041551247
P.S. 173 FRESH MEADOWS,48319,442.671772428884
P.S. 174 WILLIAM SIDNEY MOUNT,29785,434.61678004535145
P.S. 175 CITY ISLAND,18175,424.6988636363636
P.S. 175 HENRY H GARNET,13094,405.0436241610738
P.S. 175 THE LYNN GROSS DISCOVERY SCHOOL,33504,429.7990314769976
P.S. 176 CAMBRIA HEIGHTS,32744,429.38352272727275
P.S. 176 OVINGTON,73458,440.2517006802721
P.S. 177 THE MARLBORO,45001,426.6093023255814
P.S. 178 - DR. SELMAN WAKSMAN,20656,409.71802325581393
P.S. 178 SAINT CLAIR MCKELWAY,15709,395.46310432569976
P.S. 179,12006,399.7003367003367
P.S. 179 KENSINGTON,39891,414.96659242761694
P.S. 180 HUGO NEWMAN,23931,412.40506329113924
P.S. 181 BROOKFIELD,13244,403.91883116883116
P.S. 181 BROOKLYN,47887,403.84952978056424
P.S. 182,40052,419.9384236453202
P.S. 182 SAMANTHA SMITH,38407,409.33729216152017
P.S. 183 DR. RICHARD R. GREEN,27463,391.57218309859155
P.S. 183 ROBERT L. STEVENSON,25238,444.89460784313724
P.S. 184 FLUSHING MANOR,24135,442.305
P.S. 184 NEWPORT,21615,399.6680761099366
P.S. 184M SHUANG WEN,37811,456.2253086419753
P.S. 185 WALTER KASSENBROCK,33374,433.4852941176471
P.S. 186 CASTLEWOOD,12865,437.4850136239782
P.S. 186 DR. IRVING A GLADSTONE,50045,433.6620689655172
P.S. 188 KINGSBURY,29307,461.53929539295393
P.S. 188 MICHAEL E. BERDY,19503,401.4623955431755
P.S. 188 THE ISLAND SCHOOL,24121,395.0681399631676
P.S. 189,36942,402.4347826086956
P.S. 189 THE BILINGUAL CENTER,65824,431.23688155922036
P.S. 190 SHEFFIELD,4738,404.01675977653633
P.S. 191 MAYFLOWER,16255,429.7178082191781
P.S. 191 PAUL ROBESON,4539,410.0108108108108
P.S. 192 - THE MAGNET SCHOOL FOR MATH AND SCIENCE,34408,422.436797752809
P.S. 192 JACOB H. SCHIFF,10404,415.26119402985074
P.S. 193 ALFRED J. KENNEDY,23019,437.07481296758107
P.S. 193 GIL HODGES,37030,417.1946169772257
P.S. 194 COUNTEE CULLEN,6979,394.82481751824815
P.S. 194 RAOUL WALLENBERG,20708,416.77777777777777
P.S. 195,40713,399.63157894736844
P.S. 195 MANHATTAN BEACH,17304,443.54125412541254
P.S. 195 WILLIAM HABERLE,24644,404.8517350157729
P.S. 196,42765,407.27912621359224
P.S. 196 GRAND CENTRAL PARKWAY,37645,448.59718969555036
P.S. 196 TEN EYCK,9955,406.01119402985074
P.S. 197 - THE KINGS HIGHWAY ACADEMY,31463,434.09492273730683
P.S. 197 JOHN B. RUSSWURM,10587,402.475
P.S. 197 THE OCEAN SCHOOL,19184,411.1750741839763
P.S. 198 BROOKLYN,17877,411.596875
P.S. 198 ISADOR E. IDA STRAUS,19505,432.1231884057971
P.S. 199 FREDERICK WACHTEL,22007,428.0521327014218
P.S. 199 JESSIE ISADOR STRAUS,36843,447.440097799511
P.S. 199 MAURICE A. FITZGERALD,44915,428.2682926829268
P.S. 199X - THE SHAKESPEARE SCHOOL,30051,407.40455840455843
P.S. 200 BENSON SCHOOL,63753,430.5408388520971
P.S. 200- THE JAMES MCCUNE SMITH SCHOOL,17001,394.3746223564955
P.S. 201 THE DISCOVERY SCHOOL FOR INQUIRY AND RESE,18538,418.8060453400504
P.S. 202 ERNEST S. JENKYNS,20068,380.6058823529412
P.S. 203 FLOYD BENNETT SCHOOL,32762,420.147582697201
P.S. 203 OAKLAND GARDENS,42147,457.4422222222222
P.S. 204 MORRIS HEIGHTS,27781,422.2552631578947
P.S. 204 VINCE LOMBARDI,57083,439.89400921658984
P.S. 205 ALEXANDER GRAHAM BELL,12544,451.6857923497268
P.S. 205 CLARION,51560,434.05411764705883
P.S. 205 FIORELLO LAGUARDIA,46924,413.555023923445
P.S. 206 JOSE CELSO BARBOSA,34126,405.1393034825871
P.S. 206 JOSEPH F LAMB,85465,433.1857142857143
P.S. 206 THE HORACE HARDING SCHOOL,25249,420.7818181818182
P.S. 207,3935,516.7311827956989
P.S. 207 ELIZABETH G. LEARY,67742,428.2942743009321
P.S. 207 ROCKWOOD PARK,37403,422.4046822742475
P.S. 208 ELSA EBELING,15970,406.53177257525084
P.S. 209 CLEARVIEW GARDENS,28612,441.94074074074075
P.S. 209 MARGARET MEAD,37108,429.44163150492267
P.S. 21 MARGARET EMERY-ELM PARK,18820,410.68894601542416
P.S. 211,27788,402.30607966457023
P.S. 212,37357,432.3310023310023
P.S. 212 LADY DEBORAH MOODY,29056,417.77899343544857
P.S. 212 MIDTOWN WEST,13111,441.53481894150417
P.S. 213 NEW LOTS,11486,377.1278195488722
P.S. 213 THE CARL ULLMAN SCHOOL,15904,440.9891304347826
P.S. 214,64228,407.5007451564829
P.S. 214 CADWALLADER COLDEN,25938,433.34272300469485
P.S. 214 MICHAEL FRIEDSAM,37825,414.02830188679246
P.S. 215 MORRIS H. WEISS,40469,436.08185840707966
P.S. 216 ARTURO TOSCANINI,28667,425.8968609865471
P.S. 217 COLONEL DAVID MARCUS SCHOOL,55988,426.7679324894515
P.S. 219 KENNEDY-KING,21890,406.014367816092
P.S. 219 PAUL KLAPPER,24622,421.59163987138265
P.S. 220 EDWARD MANDEL,31847,422.6271551724138
P.S. 221 THE NORTH HILLS SCHOOL,29922,445.3374689826303
P.S. 221 TOUSSAINT L'OUVERTURE,13055,393.2084942084942
P.S. 222 KATHERINE R. SNYDER,39457,441.08991228070175
P.S. 223 LYNDON B. JOHNSON,23855,411.2552083333333
P.S. 224 HALE A. WOODRUFF,17680,387.6040268456376
P.S. 226,18407,399.01875
P.S. 226 ALFRED DE B. MASON,56116,430.29294274300935
P.S. 229 DYKER,72771,443.0262812089356
P.S. 229 EMANUEL KAPLAN,68633,425.89915966386553
P.S. 230 DORIS L. COHEN,54296,427.5553097345133
P.S. 232 LINDENWOOD,58876,428.9087018544936
P.S. 233 LANGSTON HUGHES,15671,404.42748091603056
P.S. 234,24791,422.4183908045977
P.S. 234 INDEPENDENCE SCHOOL,27469,432.0780346820809
P.S. 235 JANICE MARIE KNIGHT SCHOOL,57024,423.67484662576686
P.S. 236 LANGSTON HUGHES,10572,411.2267206477733
P.S. 236 MILL BASIN,24641,440.0098765432099
P.S. 238 ANNE SULLIVAN,29634,413.7676056338028
P.S. 239,26172,409.6275510204082
P.S. 241 EMMA L. JOHNSTON,21785,413.35
P.S. 242 - THE YOUNG DIPLOMATS MAGNET ACADEMY,4886,388.6302083333333
P.S. 242 LEONARD P. STAVISKY EARLY CHILDHOOD SCHOO,6742,438.42424242424244
P.S. 243K- THE WEEKSVILLE SCHOOL,7689,404.844
P.S. 244 RICHARD R. GREEN,23712,423.5031847133758
P.S. 245,10819,423.25773195876286
P.S. 246 POE CENTER,32033,400.46632124352334
P.S. 247 BROOKLYN,39427,445.23058823529414
P.S. 249 THE CATON,34108,450.6410891089109
P.S. 250 GEORGE H. LINDSAY,26310,406.5818639798489
P.S. 251 PAERDEGAT,21360,409.51675977653633
P.S. 251 QUEENS,9790,447.92468619246864
P.S. 253,40645,441.8087557603687
P.S. 254 - THE ROSA PARKS SCHOOL,28278,429.80742459396754
P.S. 254 DAG HAMMARSKJOLD,32723,444.11032863849766
P.S. 255 BARBARA REING SCHOOL,44631,430.6125541125541
P.S. 256 BENJAMIN BANNEKER,8492,406.969298245614
P.S. 257 JOHN F. HYLAN,25373,419.07671232876714
P.S. 261 ZIPPORIAH MILLS,16303,417.4742857142857
P.S. 262 EL HAJJ MALIK EL SHABAZZ ELEMENTARY SCHOO,14542,357.0739549839228
P.S. 264 BAY RIDGE ELEMENTARY SCHOOL FOR THE ARTS,15923,456.09620991253644
P.S. 268 EMMA LAZARUS,14042,399.53846153846155
P.S. 270 JOHANN DEKALB,3013,367.7831325301205
P.S. 272 CURTIS ESTABROOK,17594,405.68111455108357
P.S. 273,9593,446.968253968254
P.S. 273 WORTMAN,14225,394.9421768707483
P.S. 274 KOSCIUSKO,14424,391.5018450184502
P.S. 276 LOUIS MARSHALL,28298,410.38292011019286
P.S. 277,16359,413.1047619047619
P.S. 277 GERRITSEN BEACH,19016,438.5698924731183
"P.S. 279 CAPTAIN MANUEL RIVERA, JR.",66204,408.2443095599393
P.S. 279 HERMAN SCHREIBER,18258,405.4622641509434
P.S. 282 PARK SLOPE,35463,402.4746716697936
P.S. 287 BAILEY K. ASHFORD,4943,384.27358490566036
P.S. 288 THE SHIRLEY TANYHILL,28027,398.84837545126356
P.S. 289 GEORGE V. BROWER,16254,408.2807570977918
P.S. 290 JUAN MOREL CAMPOS,21515,412.3643835616438
P.S. 290 MANHATTAN NEW SCHOOL,27608,442.6540404040404
P.S. 291,26266,418.27329192546586
P.S. 295,16778,425.2242268041237
P.S. 297 ABRAHAM STOCKTON,9640,401.3716216216216
P.S. 298 DR. BETTY SHABAZZ,7322,384.93486590038316
P.S. 299 THOMAS WARREN FIELD,9417,406.57992565055764
P.S. 3 RAUL JULIA MICRO SOCIETY,12686,408.2885085574572
P.S. 304 EARLY CHILDHOOD SCHOOL,22524,428.55437665782495
P.S. 306,33886,398.2398921832884
P.S. 306 ETHAN ALLEN,21989,346.848635235732
P.S. 307 DANIEL HALE WILLIAMS,10828,402.9127516778523
P.S. 308 CLARA CARDWELL,17022,372.85972850678735
P.S. 309 THE GEORGE E. WIBECAN PREPARATORY ACADEMY,6442,379.6348547717842
P.S. 310 MARBLE HILL,28380,408.3873626373626
P.S. 312 BERGEN BEACH,38923,429.1288056206089
P.S. 315 LAB SCHOOL,13369,416.18858560794047
P.S. 316 ELIJAH STROUD,13372,445.9016949152542
P.S. 321 WILLIAM PENN,51614,443.4418052256532
P.S. 327 DR. ROSE B. ENGLISH,20479,347.4418052256532
P.S. 328 PHYLLIS WHEATLEY,10442,382.2406779661017
P.S. 329 SURFSIDE,16204,403.75232198142413
P.S. 333 MANHATTAN SCHOOL FOR CHILDREN,32277,424.2979797979798
P.S. 335 GRANVILLE T. WOODS,9913,390.91449814126395
P.S. 340,26538,404.4015151515151
P.S. 345 PATROLMAN ROBERT BOLDEN,28059,406.39800995024876
P.S. 346 ABE STARK,23829,407.3172804532578
P.S. 35 THE CLOVE VALLEY SCHOOL,17496,450.9918032786885
P.S. 360,20759,411.18117647058824
P.S. 361 EAST FLATBUSH EARLY CHILDHOOD SCHOOL,6705,538.4883720930233
P.S. 375 JACKIE ROBINSON SCHOOL,16911,398.62874251497004
P.S. 376,29222,444.54545454545456
P.S. 377,2812,513.8533333333334
P.S. 377 ALEJANDRINA B. DE GAUTIER,16797,356.67452830188677
P.S. 38 ROBERTO CLEMENTE,8125,392.3584229390681
P.S. 380 JOHN WAYNE ELEMENTARY,22551,425.66759002770084
P.S. 39 FRANCIS J. MURPHY JR.,25016,421.2529550827423
P.S. 396,12092,403.072131147541
P.S. 397 FOSTER-LAURIE,9416,400.81404958677683
P.S. 398 WALTER WEAVER,9856,394.35714285714283
P.S. 399 STANLEY EUGENE CLARK,16751,402.4355400696864
P.S. 452,8847,470.20542635658916
P.S. 5 PORT MORRIS,37349,408.0409982174688
P.S. 503: THE SCHOOL OF DISCOVERY,44179,422.98024691358023
P.S. 506: THE SCHOOL OF JOURNALISM & TECHNOLOGY,32677,416.4698162729659
P.S. 527 - EAST SIDE SCHOOL FOR SOCIAL ACTION,8359,527.2369668246446
P.S. 536,14703,409.01552795031057
P.S. 56 THE LOUIS DESARIO SCHOOL,29010,436.54901960784315
P.S. 58 - THE SCHOOL OF HEROES,53776,429.43542435424354
P.S. 583,2223,517.5072463768116
P.S. 595,1893,510.82758620689657
P.S. 6 CORPORAL ALLAN F. KIVLEHAN SCHOOL,30400,422.25333333333333
P.S. 65 - THE RAYMOND YORK ELEMENTARY SCHOOL,22920,421.56235294117647
P.S. 65 THE ACADEMY OF INNOVATIVE LEARNING,17947,426.38157894736844
P.S. 66,46065,421.0521582733813
P.S. 69 VINCENT D. GRIPPO SCHOOL,39830,433.9114583333333
P.S. 74 FUTURE LEADERS ELEMENTARY SCHOOL,11527,415.3578274760383
P.S. 748 BROOKLYN SCHOOL FOR GLOBAL SCHOLARS,20792,466.1111111111111
P.S. 75 SCHOOL OF RESEARCH AND DISCOVERY,24555,407.7493333333333
P.S. 77 LOWER LAB SCHOOL,14817,452.9932432432432
P.S. 770 NEW AMERICAN ACADEMY,5959,441.2699115044248
P.S. 78,24021,423.2160278745645
P.S. 8 SHIRLEE SOLOMON,23755,443.61475409836066
P.S. 81Q JEAN PAUL RICHTER,40128,420.23115577889445
P.S. 889,2127,503.13513513513516
P.S. 89,14118,454.6842105263158
P.S. 89Q: THE JOSE PERALTA SCHOOL OF DREAMERS,95075,424.6619718309859
P.S. 9 RYER AVENUE ELEMENTARY SCHOOL,37094,405.22137404580155
P.S. 90 EDNA COHEN SCHOOL,23046,417.4127358490566
P.S. 97 THE HIGHLAWN,39052,435.69789227166274
P.S. K134,25107,437.54586129753915
P.S. K225 - THE EILEEN E. ZAGLIN,66145,420.2116129032258
P.S. K315,32159,411.9846153846154
P.S. Q016 THE NANCY DEBENEDITTIS SCHOOL,95645,421.09466019417476
P.S. Q086,41770,424.4377777777778
P.S. X014 SENATOR JOHN CALANDRA,28759,425.8510101010101
P.S. X015 INSTITUTE FOR ENVIRONMENTAL LEARNING,30414,423.4208695652174
P.S. X037 - MULTIPLE INTELLIGENCE SCHOOL,37007,410.1571194762684
P.S. X088 - S. SILVERSTEIN LITTLE SPARROW SCHOOL,2888,386.4469696969697
P.S. X114 - LUIS LLORENS TORRES SCHOOLS,34323,400.10483870967744
P.S. X140 THE EAGLE SCHOOL,24399,394.56609195402297
P.S./ I.S. 155 NICHOLAS HERKIMER,19135,399.4549356223176
P.S./ IS 178 HOLLISWOOD,25104,434.0959409594096
P.S./I.S. 045 HORACE E. GREENE,32642,401.90367775831874
P.S./I.S. 087 MIDDLE VILLAGE,29516,426.1904761904762
P.S./I.S. 104 THE FORT HAMILTON SCHOOL,85783,433.23321123321125
P.S./I.S. 113 ANTHONY J. PRANZO,59570,435.40915805022155
P.S./I.S. 116 WILLIAM C. HUGHLEY,39336,408.7403400309119
P.S./I.S. 119 THE GLENDALE,69519,451.8062397372742
P.S./I.S. 137 RACHEL JEAN MITCHELL,9789,390.64431486880466
P.S./I.S. 157 THE BENJAMIN FRANKLIN HEALTH & SCIEN,23024,387.45388788426766
P.S./I.S. 187 HUDSON CLIFFS,42921,423.3453996983409
P.S./I.S. 208,44798,418.97767145135566
P.S./I.S. 210 - TWENTY-FIRST CENTURY ACADEMY FOR C,22142,426.043392504931
P.S./I.S. 217 ROOSEVELT ISLAND,25401,435.63375796178343
P.S./I.S. 218 RAFAEL HERNANDEZ DUAL LANGUAGE MAGNE,55915,416.6671826625387
P.S./I.S. 224,27081,395.02095808383234
P.S./I.S. 266,30810,421.7420965058236
P.S./I.S. 268,35354,420.26111908177904
P.S./I.S. 295,26117,414.9703459637562
P.S./I.S. 30 MARY WHITE OVINGTON,51281,455.62862010221465
P.S./I.S. 323,27351,400.7614314115308
P.S./I.S. 54,17233,401.859872611465
P.S./I.S. 78Q,25542,449.65684575389946
P.S./M.S 042 R. VERNAM,31048,394.834008097166
P.S./M.S. 004 CROTONA PARK WEST,24963,417.47347740667976
P.S./M.S. 029 MELROSE SCHOOL,43924,404.62644628099173
P.S./M.S. 031 THE WILLIAM LLOYD GARRISON,38164,404.63123993558776
P.S./M.S. 114 BELLE HARBOR,27871,421.8744855967078
P.S./M.S. 11X498 - VAN NEST ACADEMY,41506,432.97276853252646
P.S./M.S. 138 SUNRISE,44495,395.78535773710485
P.S./M.S. 147 RONALD MCNAIR,33915,406.2638376383764
P.S./M.S. 194,89274,421.0893997445722
P.S./M.S. 200 - THE MAGNET SCHOOL OF GLOBAL STUDIE,27428,419.0798258345428
P.S./M.S. 280 MOSHOLU PARKWAY,54046,410.67605633802816
PARK SLOPE COLLEGIATE,9041,416.97872340425533
PARKSIDE PREPARATORY ACADEMY,43635,407.29864253393663
PATHWAYS COLLEGE PREPARATORY SCHOOL: A COLLEGE BOA,16328,417.39862542955325
PAULA HEDBAVNY SCHOOL,29871,428.44736842105266
PAVE ACADEMY CHARTER SCHOOL,3524,407.9767441860465
PELHAM ACADEMY OF ACADEMICS AND COMMUNITY ENGAGEME,28923,409.39592760180994
PELHAM GARDENS MIDDLE SCHOOL,37471,412.9386666666667
PENINSULA PREPARATORY ACADEMY CHARTER SCHOOL,2108,388.75
PIONEER ACADEMY,43395,418.5753424657534
PORT RICHMOND SCHOOL FOR VISIONARY LEARNING,4664,504.8695652173913
PREPARATORY ACADEMY FOR WRITERS: A COLLEGE BOARD S,10658,402.14222222222224
PROFESSIONAL PERFORMING ARTS HIGH SCHOOL,3982,437.08379888268155
PROFESSOR JUAN BOSCH PUBLIC SCHOOL,8549,442.69465648854964
PS 80  THE THURGOOD MARSHALL MAGNET SCHOOL OF MULT,21147,407.809375
"PS/MS 20 P.O.GEORGE J. WERDANN, III",58963,406.0318559556787
PS280Q: HOME OF THE LIONHEARTS,23789,444.62418300653593
PUBLIC SCHOOL 9 THE SARAH SMITH GARNET SCHOOL,23916,420.28125
PUGSLEY PREPARATORY ACADEMY,36793,423.0167064439141
QUEENS COLLEGIATE: A COLLEGE BOARD SCHOOL,22900,425.8508557457213
QUEENS EXPLORERS ELEMENTARY SCHOOL,5719,560.2941176470588
QUEENS GATEWAY TO HEALTH SCIENCES SECONDARY SCHOOL,22674,444.6445086705202
"QUEENS SCHOOL OF INQUIRY, THE",17353,398.75792507204613
QUEENS UNITED MIDDLE SCHOOL,14119,424.3486590038314
QUEST TO LEARN,18023,406.33506493506496
RALPH A. FABRIZIO SCHOOL,49471,434.1816091954023
RED HOOK NEIGHBORHOOD SCHOOL,5448,390.0168776371308
REDWOOD MIDDLE SCHOOL,14625,458.51171875
RENAISSANCE CHARTER SCHOOL,3498,395.9183673469388
RENAISSANCE SCHOOL OF THE ARTS,9972,375.808429118774
RESTORATION ACADEMY,7453,378.3414634146341
RIVER EAST ELEMENTARY,6433,414.1518987341772
RIVERDALE / KINGSBRIDGE ACADEMY (MIDDLE SCHOOL / H,56397,412.18568232662193
RIVERDALE AVENUE COMMUNITY SCHOOL,4998,451.0344827586207
RIVERDALE AVENUE MIDDLE SCHOOL,6411,434.8398058252427
RIVERTON STREET CHARTER SCHOOL,5968,406.1162790697674
"ROBERT F. WAGNER, JR. SECONDARY SCHOOL FOR ARTS AN",8305,435.99604743083006
ROCHDALE EARLY ADVANTAGE CHARTER SCHOOL,1326,399.16
RONALD EDMONDS LEARNING CENTER II,9921,407.60074626865674
ROSALYN YALOW CHARTER SCHOOL,446,604.4
SAMARA COMMUNITY SCHOOL,2567,550.3563218390805
SCHOLARS' ACADEMY,44056,455.26791277258565
SCHOOL FOR ENVIRONMENTAL CITIZENSHIP,19666,397.94375
SCHOOL FOR GLOBAL LEADERS,20659,412.70277078085644
SCHOOL IN THE SQUARE PUBLIC CHARTER SCHOOL,1190,529.3333333333334
SCHOOL OF EARTH EXPLORATION AND DISCOVERY HARLEM (,1940,487.46666666666664
"SCHOOL OF MATH, SCIENCE, AND HEALTHY LIVING",11465,444.3576388888889
SCHOOL OF PERFORMING ARTS,26202,391.13350785340316
SCHOOL OF SCIENCE & TECHNOLOGY,36334,411.8225806451613
SCHOOL OF THE FUTURE BROOKLYN,9005,420.30131004366814
SCHOOL OF THE FUTURE HIGH SCHOOL,23650,433.3507109004739
SCIENCE AND TECHNOLOGY ACADEMY: A MOTT HALL SCHOOL,39902,422.57487922705315
"SCIENCE, TECHNOLOGY AND RESEARCH EARLY COLLEGE HIG",14220,437.53007518796994
SHERIDAN ACADEMY FOR YOUNG LEADERS,22680,399.1708683473389
SISULU-WALKER CHARTER SCHOOL OF HARLEM,1424,395.5357142857143
SIXTH AVENUE ELEMENTARY SCHOOL,2959,567.37
SOUNDVIEW ACADEMY FOR CULTURE AND SCHOLARSHIP,30735,406.77260981912144
SOUTH BRONX ACADEMY FOR APPLIED MEDIA,25805,391.3844011142061
SOUTH BRONX CHARTER SCHOOL FOR INTERNATIONAL CULTU,2150,396.2413793103448
SOUTH BRONX CLASSICAL CHARTER SCHOOL,2878,426.2093023255814
SOUTH BRONX CLASSICAL CHARTER SCHOOL II,762,516.4285714285714
SOUTH BRONX CLASSICAL CHARTER SCHOOL III,362,622.4
SOUTH BRONX EARLY COLLEGE ACADEMY CHARTER SCHOOL,1674,457.75
SOUTH BRONX INTERNATIONAL MIDDLE SCHOOL,3167,512.8378378378378
SOUTH BRONX PREPARATORY: A COLLEGE BOARD SCHOOL,23726,421.01851851851853
SPACE SHUTTLE COLUMBIA SCHOOL,36063,421.2054794520548
SPECIAL MUSIC SCHOOL,4132,462.3167938931298
SPRING CREEK COMMUNITY SCHOOL,15291,414.0514705882353
SPRUCE STREET SCHOOL,15697,473.2386934673367
ST. HOPE LEADERSHIP ACADEMY CHARTER SCHOOL,3928,366.16129032258067
STATEN ISLAND SCHOOL OF CIVIC LEADERSHIP,55439,429.4345479082321
STEM INSTITUTE OF MANHATTAN,3303,408.2994652406417
STOREFRONT ACADEMY CHARTER SCHOOL,242,595.4
SUCCESS ACADEMY CHARTER SCHOOL - BED-STUY 1,3126,487.9230769230769
SUCCESS ACADEMY CHARTER SCHOOL - BED-STUY 2,1204,472.64285714285717
SUCCESS ACADEMY CHARTER SCHOOL - BENSONHURST - NEW,860,560.625
SUCCESS ACADEMY CHARTER SCHOOL - BERGEN BEACH - NE,828,568.8888888888889
SUCCESS ACADEMY CHARTER SCHOOL - BRONX 1,3666,450.4516129032258
SUCCESS ACADEMY CHARTER SCHOOL - BRONX 2,4046,457.21875
SUCCESS ACADEMY CHARTER SCHOOL - BRONX 3,1678,527.5714285714286
SUCCESS ACADEMY CHARTER SCHOOL - BRONX 4 - NEW YOR,876,549.0
SUCCESS ACADEMY CHARTER SCHOOL - BUSHWICK,98,622.0
SUCCESS ACADEMY CHARTER SCHOOL - COBBLE HILL,1570,487.1764705882353
SUCCESS ACADEMY CHARTER SCHOOL - FAR ROCKAWAY,164,616.0
SUCCESS ACADEMY CHARTER SCHOOL - FLATBUSH,94,628.0
SUCCESS ACADEMY CHARTER SCHOOL - HARLEM 1,7470,419.5869565217391
SUCCESS ACADEMY CHARTER SCHOOL - HARLEM 2,5230,431.9230769230769
SUCCESS ACADEMY CHARTER SCHOOL - HARLEM 3,6516,433.3
SUCCESS ACADEMY CHARTER SCHOOL - HARLEM 4,3782,407.6764705882353
SUCCESS ACADEMY CHARTER SCHOOL - HARLEM 5,4098,453.5625
SUCCESS ACADEMY CHARTER SCHOOL - ROSEDALE - NEW YO,838,559.25
SUCCESS ACADEMY CHARTER SCHOOL - SOUTH JAMAICA,104,622.0
SUCCESS ACADEMY CHARTER SCHOOL - SPRINGFIELD GARDE,1060,558.4444444444445
SUCCESS ACADEMY CHARTER SCHOOL - UPPER WEST,3414,488.9230769230769
SUCCESS ACADEMY CHARTER SCHOOL - WASHINGTON HEIGHT,922,562.25
SUCCESS ACADEMY CHARTER SCHOOL - WILLIAMSBURG,1574,463.0
SUCCESS ACADEMY CROWN HEIGHTS (BROOKLYN 7),1656,534.0714285714286
SUCCESS ACADEMY FORT GREENE (BROOKLYN 5),834,501.09090909090907
SUCCESS ACADEMY HELL'S KITCHEN (MANHATTAN 2),1086,509.27272727272725
SUCCESS ACADEMY PROSPECT HEIGHTS (BROOKLYN 6),1690,540.9375
SUCCESS ACADEMY UNION SQUARE (MANHATTAN 1),1972,547.25
SUMMIT ACADEMY CHARTER SCHOOL,1834,381.60714285714283
SUNSET PARK AVENUES ELEMENTARY SCHOOL,6739,523.7278106508876
SUNSET PARK PREP,38675,419.8891687657431
TAG YOUNG SCHOLARS,26538,460.47269303201506
TEACHERS COLLEGE COMMUNITY SCHOOL,8190,486.3523131672598
THE 30TH AVENUE SCHOOL (G&T CITYWIDE),12672,525.6498194945848
THE 47 AMERICAN SIGN LANGUAGE & ENGLISH LOWER SCHO,1930,420.1304347826087
THE ACADEMY FOR EXCELLENCE THROUGH THE ARTS,4474,466.8494623655914
THE ACADEMY OF TALENTED SCHOLARS,14098,444.047197640118
THE ACTIVE LEARNING ELEMENTARY SCHOOL,6990,452.7282608695652
THE ANDERSON SCHOOL,22863,467.3109048723898
THE ANGELO PATRI MIDDLE SCHOOL,48712,398.02010050251255
THE BARBARA ESSELBORN SCHOOL,33870,438.53041362530416
THE BELLAIRE SCHOOL,45099,422.9183673469388
THE BILINGUAL BICULTURAL SCHOOL,11895,424.1397058823529
THE BOERUM HILL SCHOOL FOR INTERNATIONAL STUDIES,18472,409.4150417827298
THE BRONX MATHEMATICS PREPARATORY SCHOOL,20234,401.1820895522388
THE BRONX SCHOOL OF YOUNG LEADERS,37047,405.3142144638404
THE BRONX STEM AND ARTS ACADEMY,6059,402.2590909090909
THE BROOKLYN GREEN SCHOOL,2729,536.4823529411765
"THE BROOKLYN NEW SCHOOL, P.S. 146",3135,366.94690265486724
THE CHILDREN'S LAB SCHOOL,7753,553.6666666666666
THE CHILDREN'S WORKSHOP SCHOOL,8133,418.56832298136646
THE CHRISTA MCAULIFFE SCHOOL\I.S. 187,72423,462.66483516483515
THE CLINTON SCHOOL,19937,424.7469512195122
THE CULTURAL ARTS ACADEMY AT SPRING CREEK CHARTER,1736,396.8076923076923
THE DR. EMMETT W. BASSETT SCHOOL,42519,415.2688888888889
THE EAGLE ACADEMY FOR YOUNG MEN OF STATEN ISLAND,13100,459.95546558704456
THE EAST VILLAGE COMMUNITY SCHOOL,7739,430.2105263157895
THE EMERSON SCHOOL,24220,431.6986301369863
THE EMILY WARREN ROEBLING SCHOOL,33024,426.32580037664786
THE EQUALITY CHARTER SCHOOL,3454,381.42857142857144
THE EQUITY PROJECT CHARTER SCHOOL (TEP),6618,393.0571428571429
THE FAMILY SCHOOL,20550,411.74022346368713
THE FRESH CREEK SCHOOL,4476,401.2456140350877
THE GORDON PARKS SCHOOL,40129,412.8376237623762
"THE GREGORY JOCKO JACKSON SCHOOL OF SPORTS, ART, A",23708,363.92857142857144
THE HARBOR VIEW SCHOOL,4862,518.935294117647
THE HECTOR FIGUEROA SCHOOL,688,464.0
THE HIGHBRIDGE GREEN SCHOOL,23223,420.35483870967744
THE INTERNATIONAL CHARTER SCHOOL OF NEW YORK,250,604.6
THE JAMES J. AMBROSE SCHOOL,31201,450.2826603325416
THE JERMAINE L. GREEN STEM INSTITUTE OF QUEENS,18713,412.6622516556291
THE KATHLEEN GRIMM SCHOOL FOR LEADERSHIP AND SUSTA,5014,544.9157894736842
THE LABORATORY SCHOOL OF FINANCE AND TECHNOLOGY: X,26627,423.5153374233129
THE LEXINGTON ACADEMY,28871,424.29330708661416
THE LOCKE SCHOOL OF ARTS AND ENGINEERING,3040,544.6947368421053
THE LONGWOOD ACADEMY OF DISCOVERY,19714,387.21700879765393
THE MADELEINE BRENNAN SCHOOL,145682,440.03097345132744
THE MATH & SCIENCE EXPLORATORY SCHOOL,32629,429.5232876712329
THE MATILDA AVENUE SCHOOL,2544,531.1733333333333
THE MAURICE SENDAK COMMUNITY SCHOOL,3491,555.7213114754098
THE MICHAEL J. PETRIDES SCHOOL,52028,415.9145038167939
"THE MIDDLE SCHOOL OF MEDIA, LAW AND FINE ARTS",15899,404.53846153846155
THE MOTT HALL SCHOOL,23611,443.94632768361583
THE NEW AMERICAN ACADEMY AT ROBERTO CLEMENTE STATE,16729,437.0590717299578
THE NEW SCHOOL FOR LEADERSHIP AND JOURNALISM,64078,409.79383886255926
THE OPPORTUNITY CHARTER SCHOOL,2660,355.67857142857144
THE PECK SLIP SCHOOL,7492,516.495
"THE QUEENS COLLEGE SCHOOL FOR MATH, SCIENCE AND TE",25295,442.2197802197802
THE QUEENS SCHOOL FOR LEADERSHIP AND EXCELLENCE,7496,534.6190476190476
THE RANDOLPH HOLDER SCHOOL FOR SOCIAL JUSTICE,23549,411.967032967033
THE RIVER SCHOOL,5669,548.6507936507936
THE RIVERSIDE SCHOOL FOR MAKERS AND ARTISTS,20151,400.8550724637681
THE SCHOOL FOR FUTURE LEADERS,17225,462.54368932038835
THE SCHOOL FOR INQUIRY AND SOCIAL JUSTICE,40463,428.55853658536586
THE SCHOOL OF CREATIVITY AND INNOVATION,236,508.8125
THE SCHOOL OF INTEGRATED LEARNING,20763,419.5880597014925
THE SCHOOL OF SCIENCE AND APPLIED LEARNING,25474,400.59544159544157
THE SCIENCE AND MEDICINE MIDDLE SCHOOL,36618,415.0274725274725
THE SEEALL ACADEMY,72966,428.4369310793238
THE STAR ACADEMY - P.S.63,3821,413.3816425120773
THE STEAM BRIDGE SCHOOL,2186,545.3493975903615
THE STEPHANIE A. VIERNO SCHOOL,34081,429.0989010989011
THE URBAN ASSEMBLY BRONX ACADEMY OF LETTERS,20542,395.47305389221555
THE URBAN ASSEMBLY UNISON SCHOOL,12110,405.02258064516127
THE WALTON AVENUE SCHOOL,10388,471.471615720524
THE WILLIAM LYNCH SCHOOL,5045,423.19262295081967
THE WINDSOR TERRACE SCHOOL,20482,430.2068965517241
THE WOODSIDE COMMUNITY SCHOOL,5263,543.8173913043478
THE YOUNG WOMENï¿½S LEADERSHIP SCHOOL OF STATEN ISLA,580,426.625
THEATRE ARTS PRODUCTION COMPANY SCHOOL,14525,389.72222222222223
THOMAS C. GIORDANO MIDDLE SCHOOL 45,60415,398.8029556650246
THURGOOD MARSHALL ACADEMY FOR LEARNING AND SOCIAL,13493,415.1842105263158
THURGOOD MARSHALL ACADEMY LOWER SCHOOL,7975,414.52789699570815
TOMPKINS SQUARE MIDDLE SCHOOL,26170,422.7600950118765
UNITY PREP CHARTER SCHOOL,2920,403.2857142857143
UNIVERSITY NEIGHBORHOOD MIDDLE SCHOOL,9921,400.9612676056338
URBAN ASSEMBLY ACADEMY FOR FUTURE LEADERS,12216,362.39864864864865
URBAN ASSEMBLY INSTITUTE OF MATH AND SCIENCE FOR Y,10711,398.44827586206895
URBAN ASSEMBLY SCHOOL FOR APPLIED MATH AND SCIENCE,17759,407.94444444444446
URBAN ASSEMBLY SCHOOL FOR LEADERSHIP AND EMPOWERME,12810,415.659793814433
URBAN INSTITUTE OF MATHEMATICS,31353,422.4394299287411
URBAN SCHOLARS COMMUNITY SCHOOL,10556,400.1376811594203
VAN SICLEN COMMUNITY MIDDLE SCHOOL,21645,411.65051903114187
VILLAGE ACADEMY,31104,405.7789203084833
VISTA ACADEMY,30279,442.48387096774195
VOICE CHARTER SCHOOL OF NEW YORK,4432,414.0232558139535
WADLEIGH SECONDARY SCHOOL FOR THE PERFORMING & VIS,2506,378.95454545454544
WASHINGTON HEIGHTS ACADEMY,18403,432.65139949109414
WASHINGTON HEIGHTS EXPEDITIONARY LEARNING SCHOOL,22104,430.143216080402
WATERSIDE CHILDREN'S STUDIO SCHOOL,20094,422.94278606965173
WATERSIDE SCHOOL FOR LEADERSHIP,18546,405.58355437665784
WAVE PREPARATORY ELEMENTARY SCHOOL,16185,453.8061224489796
WEST BRONX ACADEMY FOR THE FUTURE,21069,399.38616714697406
WEST END SECONDARY SCHOOL,12135,507.4154589371981
WEST PREP ACADEMY,13041,385.6845637583893
WHITELAW REID ACADEMY OF ARTS AND BUSINESS,12633,395.9681978798587
WILLIAMSBURG COLLEGIATE CHARTER SCHOOL,3682,398.53333333333336
WORLD JOURNALISM PREPARATORY: A COLLEGE BOARD SCHO,17663,417.2987421383648
YORK EARLY COLLEGE ACADEMY,17651,426.5700325732899
YORKVILLE COMMUNITY SCHOOL,19453,434.8739946380697
YORKVILLE EAST MIDDLE SCHOOL,11397,480.58921161825725
YOUNG LEADERS ELEMENTARY SCHOOL,7865,402.2091254752852
YOUNG VOICES ACADEMY OF THE BRONX,6294,536.9151515151515
YOUNG WOMEN'S LEADERSHIP SCHOOL,9301,393.15625
YOUNG WOMEN'S LEADERSHIP SCHOOL OF BROOKLYN,8151,413.1060606060606
YOUNG WOMEN'S LEADERSHIP SCHOOL OF THE BRONX,16182,433.14179104477614
"YOUNG WOMEN'S LEADERSHIP SCHOOL, ASTORIA",18351,421.0293159609121
"YOUNG WOMEN'S LEADERSHIP SCHOOL, QUEENS",16779,418.0627306273063
